name,dob,amt1,amt2
"Mrs. Pam Cordova","2003-05-15",19408,2120
"Larry Foster","1937-06-08",85612,8351
"Nancy Chung","1915-07-20",18120,3658
"Jeffrey Shields","1943-12-30",93725,3520
"Kimberly Lawson","1970-08-30",40014,7528
"Joseph Simmons","1956-01-21",86296,5866
"Shane Bradley","1905-12-12",19681,4316
"Brittany Dyer","1954-10-04",95849,422
"Kelsey Haas","1916-04-26",11745,8665
"Michael Joseph","1933-11-23",94388,270
"Michael Acosta","1939-08-17",20275,7203
"Eric Bauer","1953-08-06",71130,1827
"Colton Perry","2001-02-12",83618,9166
"Jose Murphy","1921-10-07",83346,5896
"Tyler Wong","1946-11-18",41751,4631
"Dustin Myers","2016-12-13",28412,9953
"Rachel Murray","1966-03-04",77943,6110
"Eric Strickland","2014-08-11",19031,7589
"Luis Brooks","2014-10-17",26663,5395
"Jessica Butler","1937-12-20",92710,8413
"Kayla Brown","1923-10-01",69877,9252
"Kayla Mason","1960-10-01",47563,1227
"Keith Meyer","1940-10-28",42830,9529
"Nicole Harris","1918-05-31",8610,9393
"Mrs. Laura Miller","2019-05-24",89410,8662
"Heather Green","1933-05-11",41457,9699
"Gary Dominguez","1924-06-04",24665,4005
"Michael Neal","1933-09-07",854,4554
"Isabella Lopez","1971-07-12",88637,5200
"Michael Sparks","1962-04-30",18520,7648
"Alexander Allen","1930-03-08",10481,1988
"Devin Barnes","1980-08-08",24819,8097
"Paul Mclean","1920-09-03",10377,5514
"Ashley Morse","1939-06-11",77067,111
"Ryan Gonzalez","1920-10-12",15515,6620
"Daniel Lopez","1965-09-27",80953,3433
"Charles Anderson","2019-12-20",28474,5961
"John Walls","1955-05-21",15239,602
"Marco Allison","1972-02-26",9192,5277
"Tamara Dudley","2003-09-27",44916,8932
"James Figueroa","1995-07-26",78921,3187
"Janet Parker","1914-03-21",43358,6955
"Jerry Cunningham","1995-02-16",1958,3066
"Timothy Burton","1935-02-14",76323,5114
"Kathryn Stevens","1910-12-04",74453,5644
"Lisa Trujillo","1929-02-15",90372,3368
"William Allen","1988-12-19",35430,1707
"Nathan Price","1969-11-12",72358,3687
"Selena Watkins","1970-04-08",61060,1224
"Laura Cantu","1926-03-27",50256,2112
"Susan Kelly","1986-12-13",37494,9046
"Joseph Wagner","1956-05-27",82198,7711
"Jeremy Barrett","1948-11-29",10972,6177
"Adam Stevens","2004-11-28",48908,800
"Elizabeth Wilson","1933-11-28",24284,8195
"Marco Smith","1948-11-25",76578,2134
"Lynn Anderson","1978-05-25",41790,1339
"Mrs. Tara Thomas MD","1937-12-30",78047,6658
"Patricia Adams","1978-03-24",68160,8849
"William Gilbert","1907-02-01",22085,4051
"Stanley Baker","1983-07-27",17978,4354
"Sabrina Miller","1994-09-29",39225,6262
"Emily Chase","1978-09-08",78332,3275
"Tammy Davis","1960-06-13",55955,4874
"Kimberly King","2014-12-07",93068,628
"Jennifer Rivera","1969-12-08",90637,621
"Kelly Johnson","1961-11-20",33591,9493
"David Miller","2002-04-13",7562,5866
"Ann Atkinson","1928-03-14",97858,8130
"William Smith","2014-07-30",68132,4128
"Jesse Garza","1938-09-20",16486,9833
"Sheryl Adams","1911-05-02",76842,8970
"Elizabeth Medina","2009-01-22",23218,481
"Tonya Decker","1941-03-21",93242,230
"Richard Mcgee","1988-04-25",61080,5427
"Kenneth Ramirez","1904-07-28",93052,6981
"Bruce Young","1954-07-07",54864,6519
"Daniel Webb","1933-09-14",14347,6864
"Laura Allen","1983-03-14",84033,8320
"Kristine Harper","1916-12-01",8408,6597
"Kimberly Hancock","1987-07-09",59580,2246
"Rodney Vazquez","1925-04-26",26636,5848
"Rodney Patterson","1985-12-27",8001,7099
"Pamela Wolfe","1972-11-19",91281,7787
"Colin Olson","1957-01-14",66547,7623
"Aaron Melton","1928-10-12",59982,8312
"Shannon Wilson","1980-08-12",47364,4242
"Robert Hurley","1981-03-30",97599,5046
"Patricia Navarro","1923-11-28",39627,6534
"Vincent Larson","1949-06-18",37381,382
"John Taylor","1909-09-12",4937,7317
"Russell Jenkins","1961-06-25",34934,4925
"Levi Allen","1958-11-30",8661,1399
"David Mitchell","1981-05-31",78896,1434
"Martha Shepherd","1917-12-23",30901,9101
"Nancy Ruiz","2008-03-17",60281,1023
"Adam Hess","1987-04-19",82882,2891
"Gregory Freeman","1907-02-01",53289,5630
"John Gill","1951-04-05",40683,3883
"Jason Clark","1921-08-14",15491,7537
"Sarah Galvan","1956-06-28",36671,3301
"Charles Waters","1939-10-26",90684,3951
"Jose Rodriguez","2006-08-06",8251,7873
"Toni Moore","1957-08-26",59268,3735
"Richard Watson","1907-07-25",53729,6609
"David Hamilton","1961-05-30",24861,917
"Patrick Davidson","1981-10-10",9768,2528
"Lori Nguyen","1995-08-01",53503,3337
"Monica Phillips","2016-04-01",13755,6892
"Nancy Jordan","1984-02-18",5891,4093
"Ellen Graves","1965-11-01",78538,5398
"Anthony Fernandez","1992-08-27",35871,9629
"Patrick Melton","2005-05-03",18591,2339
"Kathleen Stephenson","1955-12-21",87722,2415
"Roy Curtis","1943-01-31",78700,8837
"Richard Smith","1914-11-22",62796,1153
"Courtney Quinn","1947-09-26",76210,479
"Michael Howell","1915-03-03",66997,6850
"Lydia Hoffman","1925-09-16",15055,5071
"Kelly Ortiz","1911-08-10",2442,4516
"Allison Good","1942-04-26",13952,4025
"Mary Lane","1936-09-01",69735,2768
"Karen Morales","1957-09-17",84553,3145
"Mr. Samuel Walker PhD","1940-02-20",4464,432
"Brooke Farmer","1909-03-02",79795,3016
"Rebecca Dean","1985-08-15",93534,2850
"Rodney Williams","1969-10-30",65150,7292
"Rhonda Frey","1983-08-26",72152,1241
"Connie Sutton","1941-07-27",51635,8768
"Peggy Rowland","1910-01-07",14090,4019
"Julie King","1971-07-15",56092,9823
"James Davis","1993-01-20",20772,9760
"Lance Brady","1956-11-07",63635,2683
"Mike Harris","1988-12-29",96243,297
"Jack Alexander","2003-04-08",58945,3857
"Melissa Frost","1999-04-04",36622,5614
"Sean Hines","1976-01-31",63593,5504
"Chelsea Hudson","1985-12-02",53011,2339
"Aaron Lee","1983-04-26",13865,2155
"Melissa Cox","1933-04-21",82378,80
"Mark Parrish","1923-03-19",5319,6871
"Natalie Russo","2020-03-15",2346,2523
"Eric Romero","1907-11-11",72530,6214
"Sylvia Miller","1910-05-30",80111,1342
"Suzanne Moore","1926-04-22",90345,6694
"Wayne Cunningham","1987-02-14",63862,7399
"Sarah Harding","1951-04-02",23240,6757
"John Jones","1913-08-30",81524,8139
"Brendan Nelson","1922-04-21",95711,6453
"Brooke English","1915-08-11",9692,1513
"William Noble","1931-06-07",67606,1612
"Maurice Coleman","1919-10-29",96860,5735
"Kyle Wagner","1964-10-13",78771,479
"Garrett Lambert","2007-08-20",6873,5969
"Michael Foster","1991-01-26",66560,1884
"Richard Bird","1989-10-04",31657,2010
"Michael Brown","1966-01-04",21278,5834
"Natasha Rodriguez","2019-02-22",1880,17
"Elizabeth Martin","1961-05-05",66433,3522
"Kenneth Chavez","1999-04-11",74610,340
"Allison Todd","1934-01-13",21012,9285
"Devin Barker","1943-05-12",32548,8693
"Maria Baker","1972-02-17",99271,868
"David Wright","1950-07-03",75899,5638
"Andrew Brock","1981-09-16",56170,6193
"Traci Reed MD","1938-01-27",21551,9017
"Michael Wood","2003-03-31",55867,4019
"Amy Mcclain","2017-11-15",17111,9986
"Michael Decker","1925-05-22",19853,8163
"Ashley Johnson","1950-05-28",32817,2386
"Traci Sawyer","1980-12-23",85040,50
"Chad Burke","1949-06-18",62533,6691
"Victor Hansen","1948-03-31",66444,2493
"Ryan Jenkins","1908-03-04",43516,6127
"Michael Wagner","1999-07-26",88511,6349
"Eric Parker","1918-10-17",22725,6050
"Jennifer Vang","1975-05-30",98564,1551
"Luke Gallagher","1972-10-09",44280,3357
"Ernest Velasquez","2002-03-10",4515,4445
"Pamela Kemp","1921-02-04",90100,6137
"Douglas Allen","1925-11-22",27359,7758
"Victoria George","1904-12-24",35970,6974
"Heather Webb","1987-01-23",79391,6186
"Kevin Mcfarland","1927-05-29",2223,1856
"Tiffany Li","1931-08-01",65564,9647
"Sarah Mcmahon","1928-09-14",52118,4604
"Crystal Moore","1955-09-08",44731,8345
"Frank Huff","1965-04-02",17052,6893
"Matthew Morris","1991-02-09",12071,4004
"James Snow","1930-04-02",60216,5757
"Kimberly Nelson","2007-03-14",99271,6278
"Amanda West","1972-05-01",5444,4871
"Lawrence Reeves","1991-06-08",54705,4965
"Brent Mullins","1971-03-04",29803,6644
"Jamie Robertson","1972-06-30",76118,4103
"Julie Kelley","1958-12-19",89447,1683
"Victoria Hicks","2011-07-06",98155,3163
"Daniel Bond II","1974-09-01",89030,5513
"Alexander Gonzalez","1980-08-05",12016,8954
"Anne Holmes","1957-06-05",28632,5352
"Joseph Kelly","1911-05-10",95500,7234
"Angela Lopez","2013-02-06",98477,9656
"Jessica Wright","1913-11-14",81560,3819
"Richard Mullins","1905-05-01",17473,6257
"Samantha Banks","1944-04-14",83972,9500
"Harold Landry","2008-08-21",68264,4203
"Carrie Reynolds","1940-07-18",50333,2003
"Deborah Rodriguez","1981-11-30",58331,6223
"Jessica Bell","1907-10-04",90917,1211
"William Hunter","1984-03-02",63300,3110
"Russell Hernandez","2008-12-27",65267,1295
"Jennifer Hernandez","1977-03-07",57520,4539
"Angel Walker","1979-07-21",29324,7303
"Heather Austin","1906-07-14",20430,834
"Ethan Wade","2002-10-03",30164,334
"Jared Farley","1932-03-04",43590,7557
"Walter Rivera","1961-08-24",31798,7419
"Melissa Johnson","1949-10-28",41939,5923
"James Berg","2009-03-02",9404,8541
"Allison Trevino","1960-01-24",66985,1891
"Jesus Keith","1923-01-31",38433,8254
"Jordan Wood","1961-06-18",23783,721
"Dr. Courtney Mckinney","1956-12-30",46227,3636
"Kathryn Hamilton","1964-04-24",62120,5617
"Jacob Carr","1906-09-03",48619,7216
"Rodney Moss","1976-04-08",59645,4893
"Ryan Carr","1976-05-23",32710,3598
"Jessica Mcintosh","1920-01-14",76644,6978
"Melissa Hill","1975-02-15",8130,5127
"Luis Gibson","1954-06-29",38867,6650
"Andrew Edwards","1931-07-06",71309,588
"Madison Mckinney","1905-11-03",9292,6656
"Joseph Brown","1931-01-24",33961,6259
"Dana Franco","1935-12-06",77339,8235
"Stephanie Quinn","1987-10-28",87666,1852
"Sandra Douglas","1937-06-21",78107,7075
"Jessica Davis","1966-05-09",97707,1001
"Michael Baker","1980-11-09",73433,4156
"Blake Ortiz","1929-04-27",38342,4999
"Angela Moore","1973-11-25",8336,7139
"Ronald Barnes","1952-12-03",9554,7601
"James Wilson","1980-04-13",10714,4421
"Brian Weber","1920-11-21",9910,206
"Christopher Flores","1977-04-16",41433,8288
"Angela Green","1926-04-27",39290,7871
"Mrs. Heather Andrews","1975-05-26",67533,3870
"Jeremy Allison","1925-05-22",67448,6962
"Melissa Montoya","1994-02-06",62267,3455
"Loretta Gibson","1990-09-13",18655,5632
"Joseph Tanner","1954-09-30",53701,7725
"Kevin Huber","1995-12-24",74466,5383
"Jeremy Smith","1911-05-03",78745,2606
"Sharon Stephens","1959-11-04",37374,2198
"Kelsey Flores","1991-09-13",31415,8063
"Stephanie Pham","1981-07-10",60482,7994
"Christina Perry","1978-04-18",49256,8082
"Christine Crane","1977-08-02",10049,3451
"Alec Martinez","1945-07-14",55731,6455
"Scott Savage PhD","1955-07-28",60687,480
"Diane Johnson","1938-05-08",55819,8489
"Amy Ochoa","1966-08-28",77761,724
"Hailey Baker","1945-04-05",33248,7727
"Kevin Mckinney","1945-10-04",82809,7664
"Craig Miller","1949-10-05",30519,3800
"Robert Ferrell","1998-03-04",38603,9691
"Suzanne Hoover DDS","1964-04-11",37302,4087
"Jasmine Russell","2014-04-10",50807,8736
"Sarah Rodriguez","1953-08-06",6137,6057
"Terri Hill","2018-10-28",48252,8324
"Sydney Warner","1980-11-08",44157,6031
"Joshua Johnson","1949-05-07",34756,1754
"Kevin Pena","2001-08-22",4311,5100
"Teresa Hicks","1948-08-19",15684,1132
"Larry Jefferson","2008-05-10",78916,9315
"Jessica Gonzalez","1982-04-12",21684,3766
"Jennifer Mathis","1961-08-23",55645,2430
"Christine Ford","1982-09-07",92911,208
"Mariah Houston","1985-07-22",66944,1240
"Megan Boyd","1978-09-26",56798,7665
"Robert Page","1910-07-25",66738,204
"Michael Kelly","1995-05-14",68907,6660
"Catherine Morgan","1945-12-14",8565,6361
"Jessica Jackson","1974-02-03",27174,5594
"Tammy Rodriguez","1967-09-17",79381,9195
"Linda Hammond","1928-12-31",86198,6257
"Caleb Hill","1983-09-08",5064,3502
"Tammy Bolton","2019-03-31",87018,371
"Danielle Baker MD","1907-02-08",751,3725
"Denise Cole","1920-10-27",61497,9488
"Richard Bean","2014-12-06",2176,4982
"Teresa Patrick","2005-02-21",17654,8864
"Michelle Wagner","1920-02-29",87236,7664
"Patricia White","2002-03-06",98583,794
"Kimberly Boyd","1910-03-04",53889,2197
"Gregory Santos","1960-11-05",99764,1891
"Kimberly Miller","1922-11-13",54446,2835
"Patrick Sanchez","1995-04-27",84159,2489
"Ryan Alvarado","1964-10-25",64888,4024
"Emily Miller","2015-08-29",97801,8288
"Natasha Garcia","1969-01-11",73889,9526
"Michael Weaver","2012-10-10",10546,649
"Paula Mejia","1942-04-25",29683,2478
"Lauren Smith","1965-06-22",95007,5810
"Timothy Williams","2016-07-27",61103,1929
"Edgar Hernandez","1964-10-08",20994,2001
"Christopher Garza","1928-03-03",87107,8584
"Whitney Martin","2015-12-23",31062,1778
"Eddie Bradshaw","1954-07-24",66686,1602
"Lauren Roberts","1915-08-07",94194,5789
"Bryan Myers","1910-11-13",37648,5781
"Laurie Reyes","1994-07-04",91201,9912
"Alexander Delacruz","1919-08-02",77914,2172
"David Ramirez","1934-02-25",22315,2153
"Donald Hancock","2006-06-23",96503,717
"Jared Haynes","1985-11-11",57832,2429
"Lori Stark","2014-10-30",91806,8420
"Ethan Marshall","1943-03-09",13838,2124
"Joshua Holt","1977-10-10",92994,1864
"Kellie Taylor","2013-10-09",85757,956
"Sarah Mcgee","1950-08-02",47628,6968
"Briana Watson","1904-09-04",73161,283
"Julie Schmidt","1907-09-18",15051,1219
"Anthony Parker","1954-08-21",91396,3387
"Maria Marks","1950-10-12",94829,8399
"Brian Kemp","1959-05-31",93257,8178
"Charles Anderson","1927-01-24",42077,6746
"David Wilkerson","1963-06-10",54847,2718
"Rebecca Powers","2016-01-17",7031,6774
"Joel Bennett","2001-05-12",98408,7747
"Brian Hill","2005-03-11",29359,6951
"Leslie Wilkinson","1915-05-28",76575,8918
"Kerri Garcia","2009-12-22",44227,775
"Jennifer Garrison","1994-03-27",51001,2299
"Brittany Sanchez","1978-12-01",74708,3584
"Kristin Daugherty","2010-12-07",45837,7494
"Andrea Morgan","1945-10-31",66479,1791
"Mark Bowers","1956-08-03",83221,9555
"Emily Sexton","1909-04-12",17711,625
"Steven Boyd","1948-12-29",84081,7775
"Gabrielle Taylor","1933-02-15",85047,2304
"Kyle Valdez","1952-10-31",92024,8493
"Deborah Smith","1948-12-12",19671,6131
"Jack Reed","1937-03-08",81129,1504
"Christine Welch","1960-04-21",98468,9183
"Erin James","1963-12-30",18765,6138
"Terry Jackson","1993-06-07",9807,8726
"Samuel Freeman","2005-08-25",38322,3268
"Matthew Ruiz","2007-11-15",4258,4798
"Brooke Warren DDS","1913-11-28",30220,791
"Andrew Griffith","1985-05-14",13315,5092
"Mark Rogers","1939-02-04",35698,2975
"Catherine Moore","1990-05-26",80379,3807
"Nicole Graham","1943-11-29",79030,3681
"Jamie Murphy","1955-05-31",82655,2361
"Joshua Jones","1912-06-29",60808,9171
"Angela Turner","1919-07-28",66110,9748
"Jessica Hunter","2010-11-02",60748,7289
"Samantha Hall","1963-11-08",29758,9417
"Michael Evans","1991-08-18",27665,2532
"Jonathan Carpenter DDS","1991-08-02",44416,1433
"Robert Hall","2014-10-19",21593,9866
"Gregory Mcmahon","1951-01-20",42701,7454
"Erika Harris","2008-03-28",68739,204
"Lisa Lin","1977-04-24",13356,1744
"Candice Robinson","2005-01-02",70591,4612
"Michael Steele","1908-07-23",37051,2438
"Mandy Lam","1929-02-27",78214,8023
"Patrick Taylor","2015-03-18",10925,43
"Jeffrey Butler","2009-11-10",18435,1602
"Allison Bradley","1935-07-26",74565,5561
"Theresa Smith","1948-12-22",15566,5702
"Ryan Juarez","2006-09-27",69461,2207
"Jeanne Jones","1943-02-10",77829,4748
"Adam Hansen","1985-07-03",26191,8962
"Nancy Burns","1968-03-26",66175,5558
"Erik Ellis","1910-03-17",45740,4041
"Linda Schmidt","1919-09-03",9677,9430
"Charles Luna","1921-07-25",51029,5548
"Stephanie Sanchez","1969-02-25",1292,4427
"Lorraine Holland","2012-04-17",99647,6132
"Kenneth Braun","2007-06-25",86253,9875
"Adriana Maddox","2008-06-11",40810,316
"Ashley Wilkinson","2002-01-16",33709,6702
"Connie Glover MD","2002-02-25",23206,7827
"Mark Spencer DVM","1916-11-15",17452,1117
"Richard Medina","2011-08-26",78983,7706
"Erin Boyd","1962-12-19",18295,4388
"Matthew Lopez","1909-09-11",59619,2122
"Bradley Chandler","1921-06-15",68723,936
"Kerry Smith","1928-12-16",10779,7133
"Terry Williams","1908-12-24",93290,7762
"Kim Casey","2003-11-12",72122,840
"Michael Herman","2017-11-13",63447,884
"Travis Gardner","1937-12-05",95336,8755
"Kimberly Reeves","1949-04-11",44265,2661
"Denise Boyd","1943-06-27",6249,5572
"Monique Nixon","1974-07-03",55853,5889
"James Parker","1963-09-19",45480,5937
"James Campbell","1915-02-09",97989,1180
"Claire Mendez","1933-09-09",78955,242
"Deborah Melendez","1945-11-17",58446,4361
"Robert Arroyo","1924-10-20",94691,467
"Carlos Gamble","1952-07-23",97261,1680
"Jamie Gonzalez","2009-07-13",24092,9387
"Michele Page","2017-01-24",52526,7220
"Lisa Smith","2007-05-26",52592,3002
"Karen Andersen","1958-07-18",93222,9270
"Joshua Moon","1912-07-13",38745,9117
"Preston Ruiz","1958-04-24",3896,5674
"Brenda Allen","1951-03-18",72699,4995
"Paul Bryant","1956-01-30",64144,1227
"Philip Barber","1960-04-11",58477,116
"Leah Wagner","2016-10-08",19350,5732
"Kevin Brown","1936-11-29",24360,3612
"David Flores","1906-07-27",81877,6728
"Jared Ware","1918-06-28",90628,2646
"Dalton Conley","1968-10-24",65367,5876
"Diane Martinez","1907-08-05",63505,3612
"Connor Smith","2006-07-25",82183,323
"Joseph Taylor","1922-09-09",90906,7809
"Brenda Young","1920-12-02",78744,5830
"Darlene Sanchez","1972-01-03",74053,1995
"Heather Gibson","1930-02-14",77023,8139
"Jessica Wilson","1935-08-04",14398,3127
"Kelly Alvarez","1952-09-02",71060,7410
"Elizabeth Mcmahon","1921-10-29",30285,5056
"Alicia Flores","1967-05-25",28830,7715
"Denise Taylor","1956-06-06",74053,3407
"Jeffrey Singleton","2008-12-06",38022,5538
"Troy Velasquez","1966-09-24",78793,2256
"Carrie Webb","1974-01-02",60062,2217
"David Williams","1962-04-28",38703,1331
"Scott Hill","1929-06-02",38507,6519
"Susan Mitchell","2016-01-02",38548,2557
"Paul Lewis","1924-11-20",33049,1284
"Terry Thornton","2008-08-21",76163,8033
"Julie Irwin","1925-04-10",66861,7214
"Scott Tyler","1962-04-18",7533,9946
"Bryan Arellano","1920-04-06",65749,7665
"Megan Smith","1930-04-18",71716,9099
"Roberta Edwards","1923-07-26",12151,44
"Melissa Weeks","1939-04-06",44866,8169
"Charles Rice","1998-11-19",50841,2329
"Jillian Richard","1960-03-19",47356,3052
"Brandon Gomez","1920-05-28",53772,7581
"David Williams","2009-05-23",58672,3319
"Danielle Robertson","1971-03-08",62239,7864
"Julie Hernandez","1936-01-09",27117,5157
"Ryan Leon","1941-12-03",16819,1360
"John Jackson","1996-01-19",10270,1280
"Casey Hanson","2013-12-09",76334,5654
"Emily Tucker","1966-11-21",2290,1761
"Keith Giles","1953-08-16",4381,3851
"Nancy Weaver","2008-10-06",31440,3819
"Victoria Butler","1949-12-09",61319,8694
"Christina Johnson","1958-08-02",14959,7754
"John Thompson","1940-04-02",99584,6312
"Mr. Gregory Wood","1979-10-06",69392,9775
"Sara Petersen","1921-06-07",1746,9060
"John Weber","1944-07-12",6014,1557
"David Randall","1921-10-17",78360,8442
"Grace Bates","1956-11-06",3328,4468
"Erin Rhodes","1945-11-12",1606,7203
"Mrs. Rebecca Wilson MD","1974-12-21",39274,5366
"Kathryn Sullivan","1993-12-17",15313,9383
"William Phillips","1973-11-12",95977,2140
"James Gray","1937-03-03",15115,9730
"Brett Stone","1972-09-18",40804,2973
"Shawn Peterson","1919-03-25",57146,9503
"Jasmine Boone","1927-06-10",44697,8498
"Melissa Hernandez","1915-07-01",93740,9536
"Tyler Foley","1916-09-01",36659,8754
"William Moran","1950-03-08",10824,1802
"Cheryl Clark","1934-01-05",36172,9053
"Mrs. Brittany Sutton","1941-01-05",83455,1940
"Marcus Alvarez","2004-07-14",37142,2137
"Heather Paul","1995-12-09",95593,8272
"Nicole White","1937-01-05",60236,3531
"Michael Lang","2006-01-27",83135,8596
"Judith Martinez","1921-05-02",52538,8259
"Ms. Mary Nelson","1915-06-30",9004,5976
"Nicole Munoz","1916-08-03",50471,3561
"Jennifer Kelley","1973-01-21",36886,2277
"Seth Turner","1909-04-22",77692,478
"Daniel Sanchez","1907-03-19",98475,3597
"Brandon Short","1935-05-29",54237,3467
"Cheryl Benton","1915-08-03",55184,3373
"Keith Rodriguez III","2019-07-15",10875,9858
"Janet Brennan","1938-04-18",48145,93
"Margaret White","1966-12-20",32576,3672
"George Long","1996-10-07",90490,630
"Jamie Pace","1989-11-05",55603,9405
"Kelly Erickson","1990-02-27",75160,56
"Tina Townsend","2015-07-30",32661,2381
"Nicholas Gallagher","1997-11-02",47844,90
"Robert Watkins","1911-07-21",24716,5708
"Daniel Thompson","1968-11-07",58022,1712
"Jamie Meyer","1945-09-05",8138,746
"Jesse Jones","1907-07-18",92824,6137
"James Blackwell","1920-11-04",91392,405
"Joshua Sanders","1938-05-21",76246,5709
"Rachel Williams","1922-03-19",50949,8412
"Mark Yu","1961-12-09",73330,4071
"Crystal Richards","1923-02-27",73890,7572
"Sandra Rogers","1987-12-21",49818,8429
"Ian Haley","1970-09-07",74164,1710
"Rebecca Griffith","2002-07-17",83588,384
"Kevin White","1981-06-09",54973,3470
"Jeffrey Beck","1926-06-02",70946,2015
"Amy Zhang","2002-04-12",10338,2650
"Craig Jennings","1949-08-06",29119,3927
"Raymond Boyd","2016-08-21",41085,3909
"Patrick Jenkins","1956-06-16",62704,7747
"Phyllis Costa","1927-06-10",35315,936
"Benjamin York","1967-12-13",37344,8537
"William Weber","2018-02-08",77527,3863
"Roberto Blair","1991-08-11",92003,2927
"Brandon King","1965-07-25",77978,4460
"Carrie Webster","1906-05-23",86915,8850
"Raymond Mckee","1969-09-26",92280,4888
"Andrew Boyer","1990-05-24",15110,7841
"Mr. David Lozano","1941-10-30",38675,15
"Brenda Gray","1916-10-15",92273,2325
"Mark Forbes","1905-09-04",72091,1629
"Paige Riley","2019-04-19",97596,8688
"Corey Martin","2002-04-25",76941,8920
"Ana Peterson","1952-02-15",16854,5263
"Phillip Roberts","1962-05-18",8161,1137
"Morgan Grimes","1943-10-05",71037,346
"Dana Kaiser","1980-12-04",60603,9397
"Alexander Blair","2000-05-31",99382,8871
"Alicia Mitchell","1943-05-31",92720,5528
"Alexander Walker","1967-08-27",41304,2220
"Donald Stein","2006-04-28",6786,6300
"Richard Young","1971-10-17",58776,7903
"Brandy Wood","1999-01-24",25956,5985
"Amy Morrow","1980-06-13",65123,9959
"Diana Harrison","1970-10-28",77966,4276
"Heather Hoffman","1968-01-26",16402,2230
"Kendra Santos","1930-06-03",51031,6253
"Michael Wood","1918-04-04",81569,7808
"Tamara Sherman","1973-02-15",19619,3959
"David Walker","1940-06-19",26098,650
"Elijah Brown","2008-03-11",98388,5428
"Emily Martinez","1912-04-19",83196,1995
"Sharon Brown","1957-04-17",1573,2385
"Michael Sanchez","1933-11-30",85990,4413
"Daniel Hodge","1981-01-08",22623,7029
"Nancy Ross","1952-04-23",31013,2437
"Heather Stanley","1980-06-18",62617,5567
"Randall Perkins","1934-08-04",55079,4128
"Alan Smith","1917-08-09",4329,2579
"Thomas Wilson","1987-12-21",91576,3132
"Andrew Harris","1916-09-19",77419,2571
"Sharon Bolton","1968-01-08",82981,9883
"Tracy Lewis","1959-12-29",8006,293
"Meagan Bridges","1963-11-23",94056,7543
"Rebecca Washington","2007-11-16",31376,6593
"Jessica Reyes","1953-06-17",94675,4131
"Julie Gordon","1945-06-05",79866,1283
"Michael Mays","1932-09-04",44533,1519
"Jonathan Miller","1961-10-17",22387,521
"Ryan Lyons","1971-12-13",78751,9530
"Raven Moody","1915-08-19",6794,8105
"Andrew Vance","1911-01-13",2236,5512
"Anna Dickerson","1951-01-31",45295,8317
"Mrs. Erin Rodriguez MD","2005-02-17",43552,3996
"William Estrada","1964-08-11",20780,4742
"Carmen Maddox","2012-03-07",43555,1190
"Rebecca Archer","1999-06-03",90839,5253
"Tiffany Wood","1961-04-25",47340,8687
"Bonnie Morales","1930-07-04",66647,1625
"Ronnie Hawkins","1912-11-11",39237,8153
"Troy Jensen","1968-12-24",95085,931
"Jonathan Huffman","1992-08-04",21023,5044
"Anita Hayes","1937-02-11",48080,6022
"Samantha Marsh","2000-12-05",67118,155
"April Martin","1977-09-27",56022,3530
"Mario Molina","2016-04-20",84687,1016
"Laura Dominguez","1992-09-29",71792,3598
"Barbara Lee","1997-07-15",8051,7225
"Linda Mccarthy","1982-11-24",17980,5265
"Dr. Marie Smith","1965-08-14",52403,6291
"Jennifer Cabrera","2008-04-27",48688,7266
"William Luna","1985-03-05",5154,8410
"Sean Nunez","1959-12-25",44455,867
"John Norton","1930-03-12",67671,9410
"Johnathan Pham","2007-01-15",49637,6587
"Logan Orozco","1938-08-20",67942,9428
"Shane Hall","1907-02-10",28999,9559
"Dr. Sara Walter","1989-11-09",89583,5117
"Veronica Baker","1999-06-19",79412,3502
"Matthew Cole","1916-11-17",23636,2507
"Christopher Long","1916-03-29",49112,4699
"Megan Clark","1946-10-06",61967,4861
"Rhonda Thompson","2010-10-08",31599,7278
"Terri Benjamin","1910-01-01",16747,7507
"Stephen Shaffer","1908-04-09",51714,2160
"Heather Hayes","2008-05-31",40647,5482
"Christina Cooper","1963-03-23",74897,8235
"Zachary Mcfarland","2006-02-20",10117,618
"Brian Ellis","1952-04-05",92643,5012
"Dakota Huff","1956-02-21",71205,2389
"Lindsey Butler","1944-02-13",46582,42
"Donna Kirby","1997-09-13",66546,5394
"John Olsen","1960-12-14",25413,1259
"Andrew Johnson","1911-10-21",50255,4491
"Lauren Preston","1953-07-08",4438,6468
"Mary Moyer","1987-10-25",82966,8519
"David Johns","1934-05-25",52854,1639
"Christopher Brown","2013-03-18",16462,5834
"Crystal Martinez","1908-08-29",84150,1338
"Christina Mann","1923-10-03",28545,205
"Kelsey Baxter","2001-07-09",20087,8036
"Alexis Neal","1976-07-03",55228,8654
"Michelle Rivera","2006-12-08",26985,4771
"Tracy Anderson","1919-12-10",40228,480
"Megan Parks","2002-07-21",67428,2754
"Kristen Hernandez","1954-07-24",45872,880
"Mr. Joel Wilson","1907-05-27",58865,9380
"Tracey Lee","1970-10-22",41968,14
"James Gallagher","1926-01-25",22174,6076
"Terri Burnett","2002-12-07",11671,2525
"Michael Grimes","1932-10-02",28914,3936
"Brenda Carpenter","2010-02-03",61169,2878
"Kimberly Marsh","2009-12-24",81467,1555
"Cody Perez","1956-10-30",36231,9917
"Joseph Harvey","1912-06-11",72054,4699
"Aaron Hernandez","1939-07-25",86887,5967
"Stacey Morris","1952-07-29",72856,9955
"Angela Simmons","1978-05-14",67110,3323
"Kevin Reilly","1927-07-16",12775,9534
"Michael Harvey","1916-06-07",48202,3333
"Valerie Hampton","1907-01-28",68395,1911
"Sean Taylor","2016-01-27",25725,5401
"Morgan Pittman","1947-09-23",12719,4223
"Nathan Leonard","2017-05-02",54053,8951
"Andrew Huber","1968-07-03",97970,161
"Elizabeth Thomas","1929-08-25",25085,148
"John Nicholson","1965-09-22",75588,5057
"Gloria Holmes","1940-09-18",9913,641
"Janice Hall MD","1992-02-17",90448,164
"Tiffany Weaver","1916-02-29",40367,916
"Joe Jones","1987-06-02",88428,6593
"Gary Johnson","1986-04-12",54268,6024
"John Rodriguez","1905-02-08",53797,6124
"Aaron Fuller","2001-10-23",26765,9371
"Curtis Vaughn","1949-08-02",32683,6290
"Juan Green","1999-12-29",90520,1743
"Mary Thomas","1990-10-04",8559,2043
"Kurt Le","1976-10-10",51774,2970
"Steven Strong","1930-10-27",48930,1980
"Daniel Oconnell","2015-11-17",97670,4998
"Christopher Montgomery","1906-03-17",20748,5616
"Christopher Bernard","2018-07-02",60479,4172
"Melissa Turner","1920-07-14",4398,2364
"Randy Edwards","1980-12-29",20125,8916
"Richard Sutton","1952-08-20",77422,9772
"Daniel Mcdonald","2005-07-18",15771,8570
"Ana Kelly","1906-12-26",21360,5822
"Caitlin Higgins","1927-06-26",2988,6578
"Melanie Cooper","1943-12-15",11133,4796
"Margaret Baker","1949-05-11",22922,2362
"Kristy Munoz","2010-05-01",52813,682
"Jesse Robinson","2015-05-31",71407,465
"Deborah Obrien","1948-04-28",65530,2328
"John Higgins","2014-12-12",49173,3100
"Melissa Burgess","1957-05-23",81971,558
"Christopher Shaffer","1950-11-11",34012,9784
"Amanda Morris","2014-12-08",91844,2001
"Crystal Watson","1934-10-28",78450,799
"Olivia Williams","1986-12-10",91340,527
"Suzanne Hines","1965-02-22",53856,8124
"Erica Williams","1910-03-22",92031,9716
"Kristin Livingston","2003-10-26",96493,7248
"Brett Hammond","1930-12-22",76509,972
"Tara Henry","2001-07-04",34185,9346
"William Murillo","1940-04-29",74988,993
"Justin Caldwell","1925-09-02",84125,3664
"David Mann","1912-09-08",42790,8628
"Jessica Anderson","1981-01-15",59700,2441
"Jennifer Lee","1933-09-24",52760,2803
"Dana Young","1938-10-04",39950,2677
"James Williams","2008-08-02",47545,8669
"Sheila Jensen","2009-04-03",40981,4615
"Molly Hoffman","2008-05-26",97004,4800
"Sabrina Mcdowell","1988-02-10",91617,6664
"Andrea Estes","1909-04-01",27799,9876
"William Johnson","1982-12-24",8277,788
"Melissa Wade","1932-12-04",52157,3926
"Jose Larson","1907-12-16",21137,6304
"Danny Joyce","1956-05-21",87319,7291
"Heidi Cox","1953-12-27",60876,4309
"Renee Rojas","1957-06-18",86958,6253
"Emily Matthews","1933-05-31",62385,1026
"Jack Stevenson","1996-01-29",79546,4374
"Connie Bush","1931-09-29",28956,5188
"Stephanie Bennett","1956-06-20",62211,8879
"Todd Franco","1910-06-13",41214,4636
"Kayla Harris","1918-02-24",54733,3159
"Carrie Rocha","1950-08-08",97720,6726
"Elaine Bush","1971-05-23",19344,9707
"Ryan Berry","2010-10-07",88881,5737
"Dr. Christina Mendoza","1978-12-11",40272,4695
"Adrian Chen","2002-02-04",48413,1985
"Kristin Mccoy","1961-08-02",45000,8514
"Melissa Mccoy","2000-10-24",36424,2262
"Christopher Lewis","1932-06-06",47755,5756
"Mrs. Melissa Hoffman","2019-08-20",31167,2018
"John Williamson","1923-05-26",90865,7662
"Troy Lewis","1944-10-29",69937,433
"Kyle Butler","1909-01-15",63406,5199
"Vincent Gonzalez","1968-09-22",36304,1929
"Billy Thomas","1942-06-27",22623,6347
"Kenneth Cardenas","1976-02-20",61700,9490
"Sarah Rodriguez","1905-08-07",53575,5135
"Steven Gomez","1948-01-21",98532,3131
"Thomas Brown","1919-07-08",21832,4885
"David Ford","2014-05-09",80278,4377
"Andrew Watson","1942-12-08",2891,252
"Joseph Brown","1904-12-09",7182,7821
"Mrs. Dana Medina MD","1935-10-27",91646,1726
"John Martin","2012-04-15",74629,8128
"Nicholas Rodriguez","1954-10-10",30858,2701
"Mark Bryant","1910-05-19",67277,3036
"Mr. Robert Craig","1940-07-05",79954,4735
"Brandon Kelly","1976-08-10",65620,5933
"Nicholas Thomas","1935-05-11",29020,8586
"Heather Manning","2005-04-05",93425,9635
"Deborah Davis","2001-07-02",21506,364
"Darrell Beltran","1967-01-22",47641,8304
"Karen Foster","2005-09-20",78562,4413
"Phyllis Nelson","1933-08-05",57100,2876
"Megan Gonzales","1947-02-03",87895,7422
"Jennifer Smith","1928-03-20",12780,5936
"Megan Barnett","1915-02-07",35174,2762
"Wendy Perez","1970-06-28",78634,8190
"Jeffrey Lopez","1980-11-07",9896,2028
"Nathaniel Morrison","2007-04-29",13137,622
"Laurie Mckinney","1930-01-15",12257,5393
"Alejandro Stewart","1939-03-30",57294,6799
"Derek Saunders","2009-11-18",58745,8243
"Jacob Patel","1937-01-25",96958,8641
"Kristen Cummings","1978-07-19",4655,3951
"Nathan Cain","2013-08-26",94872,9157
"Jeffrey Lyons","1987-04-07",28517,8636
"Michael Tate","2004-04-23",25236,6365
"Jonathan Brooks","1943-04-14",75823,6826
"Dustin Gentry","1957-07-15",71336,3063
"Margaret King","1972-07-10",40511,1784
"Bryan Shelton","1921-11-08",45356,7960
"Devin Mccall","2018-02-20",92179,7269
"Christian Roberts","1971-05-07",69760,4056
"Victoria Rowe","2003-02-10",55368,6741
"James Morris","1931-05-13",83742,2488
"Brian Castro","1912-06-01",41255,330
"Bruce Steele","1982-09-13",95783,8513
"Edward Gomez","2015-07-29",70177,4399
"Jennifer Donaldson","1991-02-06",49933,6916
"Erika Wilson","1998-08-01",60105,6723
"Stacey Henderson","1964-02-12",93000,5944
"Kayla Jacobs","2010-01-13",80833,2074
"Amanda Smith","1999-10-21",11212,8508
"Stacy Garrison","1975-07-15",10611,2978
"Benjamin Taylor","1958-03-14",32576,7308
"Ashley Hayes","1919-05-28",87376,4653
"John Nelson","1912-03-03",41379,6333
"Ashley Graham","2006-01-04",59482,94
"Joseph Thomas","1951-11-13",25455,2894
"Jacob Wiggins","1917-04-01",7170,3708
"Jenny Hampton","1934-09-17",2209,2141
"Sara Anderson","1914-12-31",50911,9770
"Natasha Martin","1954-06-23",35589,6493
"Richard Garza","2006-08-30",68596,6611
"Mrs. Victoria Compton","2011-04-17",96625,45
"Jodi Phillips","2002-12-12",36252,7168
"Jonathan Baker","2007-11-08",6422,1754
"Theresa Cruz","1951-03-23",32473,4749
"Jessica Fuller","2008-05-10",28246,8297
"Angel Thomas","1984-07-13",36467,2926
"Jocelyn Williamson","2018-03-16",91921,7203
"Sara Hawkins","1938-03-05",24062,6255
"Michael Molina","1978-04-27",65616,3558
"Ronald Hickman","1950-12-01",96470,5388
"Amanda Miller","2015-02-05",10477,2711
"Heather Patterson","2007-12-12",61352,6835
"Robert Roberson","1919-11-26",77576,4277
"Donna Hayes","1948-01-10",14946,3100
"Michael Dalton","2006-05-15",99554,128
"Valerie Downs","1985-05-17",3499,2947
"Amber Martin","1940-03-25",79252,633
"Danny Frank","1921-10-12",4522,8674
"Monica Rodriguez","1915-12-18",11480,392
"Ronald Brown","1933-12-03",20816,9059
"Patricia Marks","1942-12-05",87758,3765
"Susan Gamble","1985-10-31",58597,5044
"Natalie Ponce","2015-08-14",69357,7240
"Norma Harris","1992-07-25",16842,1628
"Daniel Richardson","1918-01-08",67443,6016
"Deborah Barker","1950-07-02",74077,802
"Sean Garza","1907-11-09",89388,9243
"Rachel Parker","1964-01-30",97641,1531
"Marc Barajas","2005-11-28",45202,6004
"Jim Roberts","2016-02-10",92258,4235
"Ian Monroe","1908-08-09",41314,6393
"Audrey Douglas","2009-12-08",1738,6763
"Suzanne Sexton","1930-04-05",89363,4717
"James Porter","1926-04-24",94414,4493
"Ryan Vance","1991-05-22",78231,620
"Mary Hill","2015-09-22",78639,4661
"Alexander Cummings","1971-10-05",31039,9701
"Andrea Hernandez","1989-06-19",34878,4458
"Thomas Weaver","1989-10-04",50055,4056
"Kathy West","1930-08-28",13249,2434
"Kerry Collins","2005-07-19",69241,4787
"Nathan Allen","1971-08-27",92540,5835
"Melissa Rivas","1985-04-24",78941,5878
"Tammy Good","1995-06-16",73601,1212
"Robert Ewing","1948-04-22",73216,6898
"Adam Bowers","1933-12-11",35724,8873
"Richard Anderson","1948-12-06",87770,2391
"Brenda Miller","2005-07-13",16137,9747
"Jessica Mills","1974-05-09",5382,6452
"Dalton Howard","1947-12-14",27496,9297
"Chad Jimenez","1987-05-26",28683,3975
"Brittney Williams","1995-05-23",89057,7903
"John Collins","2001-07-27",86628,380
"Latoya Burton","1962-05-18",51889,2014
"Joyce Daniels","1938-04-17",9668,2170
"Rebecca Armstrong","1948-04-03",17349,1223
"Tyler Hill","1980-03-20",96394,7826
"Carol Price","2002-07-22",31661,5738
"Andrea Diaz","1921-05-05",84430,6134
"Matthew Krueger III","1943-09-19",97036,7331
"Andrew Fisher","1978-06-09",46593,2102
"Mr. James Chapman","1992-03-05",28706,1764
"Sue Wolfe","2020-06-20",15529,5917
"Mckenzie Gray","1986-10-08",34811,2436
"Aaron Gates","1999-09-29",98809,4647
"Jean Hunter","1915-07-11",91759,9667
"Cindy Reed","1922-01-27",3403,6156
"Allison Brown","1996-02-06",78556,8652
"Robin Olson","1942-03-06",31656,9706
"Olivia Taylor","2000-01-22",87767,6692
"Sean Martin","1959-04-01",93136,5404
"Jeffrey Walters","1967-08-29",59418,8739
"Joseph Cruz","1955-05-24",99846,8045
"Dr. Martha Reed","1917-06-13",89843,7620
"Sarah Bauer","2019-04-06",54127,5413
"Travis Rodriguez","1933-08-17",55695,2188
"James Hernandez","1918-01-19",39309,1259
"Carol Harris","1960-01-22",16175,7056
"Matthew Johnson","1970-08-07",81081,7906
"Haley Walsh","1975-04-21",1123,4251
"Tammy Moses","2005-03-11",87727,6672
"Charles Johnston","1933-10-31",56909,6246
"Elizabeth Green","1926-11-03",72230,844
"Maria Brown","1921-10-17",4627,3388
"Carl Thomas","1999-11-20",86105,9536
"Mrs. Crystal Bonilla PhD","2011-03-27",96146,9127
"David Baker","1999-01-26",17098,6007
"Sandy Howe","1965-04-04",10882,8537
"James Hines","1934-09-18",70963,8980
"Joseph Barron","1934-10-03",33096,5301
"James Monroe","1999-03-18",71371,1498
"Nicole Davis","1979-10-28",47283,5638
"Curtis Sanders","1972-07-17",72241,3230
"Kevin Herrera","1984-10-15",37997,794
"Jessica Ferguson","2003-07-31",79344,3654
"Brian Sullivan","1944-04-23",81757,7087
"Anne Baker","1974-12-31",25097,6183
"Samantha Santiago","1915-03-22",11266,7456
"Brenda Holland","1959-01-06",50958,6659
"John Larsen","1910-02-16",41012,7782
"Mary Warren","1965-11-26",63058,7996
"Tonya Hanson","2002-07-24",33899,7521
"Caitlin Reynolds","1969-07-23",28782,7263
"Micheal Decker","1939-08-20",96126,5912
"Cynthia Brown","1950-10-02",42106,7966
"Samuel Gomez","1949-06-13",58560,263
"Leah Montoya","1986-09-26",24175,9884
"James Thomas","1920-05-22",38099,4219
"Karen Taylor","1998-09-08",74940,8599
"Melvin Chaney","1941-06-27",7368,2171
"Lisa Sanders","1976-10-01",66369,657
"Amber Black","1986-07-09",63717,1100
"Jason Frazier","1924-01-23",55982,7710
"Justin Brooks","1928-06-20",91881,478
"Ashley Torres","1910-12-03",74337,2546
"Jeffery Chapman","1967-08-23",2718,5210
"Dr. Tiffany Smith MD","2009-08-18",14890,4398
"Edward Jones","1996-05-30",37514,2185
"Ariel Wolf","1941-11-07",33360,5669
"Briana Cain","1997-09-16",32428,656
"John Roman","2007-12-13",80029,2130
"Rhonda Lambert","1911-05-08",87527,2865
"Brandon Dalton","1979-05-07",42727,6696
"Jeffrey Weiss","1923-05-21",19033,4681
"Kristin Curtis","2005-03-11",77935,9680
"Kristin Carter","1951-11-30",96774,9334
"Austin Valdez","1962-07-30",49695,5387
"Sarah Downs","1980-01-06",3764,3690
"Dawn Bowers","2010-08-04",10034,1836
"Danielle Hensley","1935-01-24",46088,4411
"Jack Duncan","1935-08-04",20056,137
"Jose Woods","1907-09-24",64481,3741
"Samuel Reese","2013-03-04",15954,9371
"Cynthia Martinez","1965-06-27",35496,7549
"Javier Brown","1963-02-21",15825,9579
"Jeffrey Aguirre","1908-09-26",80625,4123
"Jean Perez","1930-09-27",39045,2401
"Betty Norris","2013-02-23",15468,1461
"Adam Vaughan","1950-12-04",76980,5262
"Christopher Sanchez","2009-02-07",72968,9281
"Aaron Nguyen","1991-03-22",80613,4217
"Jessica Harrison","1920-05-12",829,4994
"Scott Garcia","2006-06-18",36918,9101
"Mary Buckley MD","1981-01-21",16386,1437
"Joseph Scott","2018-02-03",64561,4954
"Andrew Richard","2005-09-20",75577,3582
"Stephen Hill","2000-11-06",39069,7598
"Kristi Potts","1919-01-14",12629,4801
"Paul Miller","1915-02-15",67561,7558
"Evelyn Contreras","1935-12-16",32160,2395
"Denise Vincent","1939-05-10",15252,3460
"Erin Griffin","2003-06-30",93289,9438
"John Fletcher","2012-09-02",70135,8579
"Julie Weaver","2019-01-29",8314,8173
"Whitney Andersen","1968-12-10",22638,9126
"Lisa Stanley","1933-10-25",4056,6960
"Howard Romero","2014-01-27",16987,6637
"Mindy Hall","1926-05-03",28628,4415
"William Macdonald","1978-10-08",63556,8913
"Erica Bennett","1974-05-06",99395,4402
"Sherry Parker","1982-01-03",55745,8219
"Nathan Hudson","1924-01-09",20083,9936
"David Young","1988-03-06",5530,4108
"Larry Blake","1910-07-29",6736,3624
"Christopher Ferguson","1964-05-14",507,5731
"Lynn Beck","1974-01-22",14224,5314
"Melissa Hess","2004-01-06",81958,2902
"Zachary Anderson","1963-02-23",44619,9651
"Cody King","1931-04-12",10847,8393
"Danielle Carlson","2009-03-28",37684,8731
"Anna Webb","1974-05-28",85741,8680
"Amanda Bennett","1922-10-20",33419,1978
"Sydney Wilson","2017-11-25",10337,396
"Tamara Johnson","1933-07-16",92730,4144
"Jacqueline Stokes","1960-06-10",85515,2216
"Patricia Mathis","1954-11-22",40755,4153
"Ryan Alexander","1938-12-12",94077,8809
"Mr. Paul Williams","1987-07-06",60128,8821
"Grant Ball","1941-09-25",38224,7340
"Jasmine Cordova","1991-04-07",44902,3383
"John Farley","1952-10-29",80555,1482
"Elizabeth Osborne","1999-04-04",5418,5187
"Timothy Frank","1906-03-05",96215,4969
"Alison Shelton","1948-08-18",41022,7755
"William Ward","1964-11-22",49083,8996
"Justin Morris","1965-01-03",27614,4546
"Jerome Stewart","1996-01-20",73724,6232
"Robert Jackson","1915-04-20",7356,7420
"Kevin Lopez","1996-09-30",42170,2792
"Justin Blackburn","1952-06-10",42949,6983
"Jennifer Henderson","1906-08-27",12202,5753
"Ryan Wilcox","1926-02-12",86082,8237
"Katie Graham","1966-01-20",39482,2047
"Matthew Johnson","1938-02-27",67572,2626
"Kathleen Johnson","1973-04-19",91070,3476
"Robert Sims","1952-12-02",58826,763
"Ronald Dean","1910-10-08",98904,1461
"Anthony Hill","1982-09-30",8975,556
"Isaac Sanchez","1974-09-13",29162,5448
"Patricia Wallace","1995-05-21",53346,615
"Courtney Brown","2016-08-10",91822,4757
"Pam Mitchell","1918-05-15",81168,3450
"David Warren","2000-03-30",16324,9694
"Lisa Cole","1965-03-08",85391,3855
"Janice Marshall","1994-08-12",27211,8008
"Cody Hodges","1924-09-17",89154,3111
"Anna Fields","1941-07-03",82549,5886
"Zachary Goodwin","1993-06-09",19009,8771
"Kristopher Price","2005-08-01",11903,6293
"Jeffrey Hood","2015-04-03",47986,4207
"Marissa Bass","1988-06-15",15043,212
"Shannon Kim","2016-06-17",68881,5810
"Joan Greene","1942-01-04",63160,2063
"Angela Ramos","1912-10-01",36867,2243
"Sonia Thomas","1944-01-22",21154,3606
"Mary Castillo","1989-07-02",39828,4597
"Heather Moore","2015-05-14",1261,3851
"Thomas White","1916-07-28",63115,5566
"Edwin Mcconnell","1931-02-15",25677,3264
"Lori White","1956-08-04",2354,9807
"Tonya Barnes","1932-08-30",92786,689
"Laura Adams","2000-03-20",52176,2407
"Alexandra Rush","2017-06-26",75562,2218
"Robert Wells","1968-07-26",78241,9014
"Nichole Martin","1912-09-18",79000,8778
"Derrick Savage","2009-01-12",20516,7550
"Brent Francis","1984-03-23",51371,714
"Rick Suarez","1939-06-23",47383,9573
"Jacob Hodges","1975-02-26",51266,7940
"Martin Snow","1983-02-25",28513,9842
"Caitlin Poole","1983-11-10",33009,7155
"Melanie Brooks","2019-02-22",84086,6719
"Garrett Wise","1946-07-08",93664,659
"Kyle Roberts","1955-03-09",23533,7091
"Lance Davis","1956-02-27",68025,8829
"Levi Jackson","1961-11-21",62570,5112
"Lauren Nichols","1912-09-27",84723,2790
"Mr. John Hernandez","1921-05-22",54563,3767
"Eduardo Smith","1911-12-14",26277,9386
"Cory Williams","1930-11-15",90968,7277
"Luis Martinez","1982-01-30",995,8317
"Gregory Franklin","1920-09-15",74552,8692
"Sharon Miller","1991-05-20",97016,7343
"Michael Lewis","1911-02-01",67726,4852
"Laura Clarke","1913-02-20",99818,2132
"Heather Hartman","1912-05-30",78985,6792
"Patrick Stewart","1923-11-06",76674,4838
"Joseph Smith","2013-04-18",16817,6096
"Michael Clarke","1945-10-23",81244,1647
"Margaret Diaz","2000-08-19",20205,1155
"Richard Trujillo","2013-01-07",86391,102
"Michael Bell","2008-02-17",72652,1158
"Jessica Brown","1941-08-30",82976,9083
"Tammy Carter","1920-09-25",67536,3685
"John Brown","1915-10-16",94104,5864
"Levi Perez","1955-08-31",3219,1193
"Nancy Smith","2018-12-31",27739,742
"Matthew Davidson","1942-01-14",22305,2562
"Nancy Howell","2015-08-20",83598,285
"Jennifer Hernandez","1924-08-29",95135,1477
"Leslie Carlson","1972-05-26",76884,7276
"Derrick Mason","1974-09-04",8960,2565
"Justin Farmer","1938-10-08",80775,1338
"Tyler Oneill","1986-03-20",90963,4091
"Andrew Wilson","1933-12-14",30547,2761
"Roberto Shaw","2017-02-22",79406,9727
"Dennis Baxter","2019-10-21",81199,1124
"Tammy Clarke","1980-02-02",1927,5134
"Curtis Wall","1989-10-06",15732,4320
"Debra James","1964-03-30",21603,5849
"Victoria Larson","1909-02-02",89854,6710
"Ronald Kennedy","1965-05-19",9488,5653
"Christopher Harris","1998-01-02",30280,4471
"Tina Yang","1978-08-30",76417,3765
"Mary Moore","1977-12-10",96431,3298
"Daniel Orr","1952-05-24",1257,9469
"Ray Chavez","1944-10-27",80097,6554
"Zachary Walker","1925-10-17",45256,1322
"Marissa French","1942-05-22",1197,3540
"Heather Baker","1941-06-04",85350,5495
"Terri Mcmillan","2014-10-25",6402,3374
"Theresa Ramirez","1993-03-17",62671,2697
"Ryan Stewart","2003-12-09",33340,1848
"Nancy Hanson","1946-09-07",31632,7847
"Mr. David Noble","1997-03-08",45132,3667
"Erica Powell","1997-09-03",16010,1813
"Ashley Bright","1970-05-02",71948,4758
"Hunter Walker","2009-07-29",8166,7457
"Steven Walton","1945-09-10",41456,339
"Brandon Ellis","1943-05-16",98682,820
"Chad Burns","1947-08-08",20560,8183
"Kayla Ford","1916-06-23",10593,6540
"Shannon Walker MD","1964-09-18",31661,3675
"Miguel Matthews","1928-09-21",30465,5257
"Darryl Mendoza","1965-11-20",7970,3532
"Ian Shaw","1997-05-31",52209,8071
"Tami Mccall","1947-06-24",86408,8160
"Joshua Hall","2012-02-15",75063,4547
"Melvin Liu","1944-03-18",76819,5843
"Stephanie Smith","1993-10-01",97287,391
"Nicholas Hicks","1908-10-04",88208,5242
"Erik Pearson","1955-11-01",23413,2864
"Ivan Myers","1977-02-02",19706,9156
"Erin Mcmahon","2006-12-28",31797,782
"Mindy Howard","1914-12-01",62319,6627
"Michael Brewer","1947-08-30",69332,4227
"Todd Wilson","1965-06-18",36066,6841
"Jennifer Johnson","1953-10-10",33121,9029
"Cody Harmon","1980-12-08",60709,7204
"Gregory Scott","1931-06-29",49192,6678
"Alex Lopez","1977-07-11",8920,5678
"Amanda Warren","1942-03-20",48784,452
"Miranda Obrien","1958-09-29",56866,1530
"Kelly Kidd","2019-12-31",3050,4355
"Erin Hughes","1974-11-23",14875,6297
"Betty Thomas","2009-11-22",61121,6535
"Kyle Poole","1961-09-06",90657,3012
"Susan Chan","2018-08-02",28645,4229
"Derek Bowman","1977-06-06",25678,2209
"Shannon Gomez","1944-07-14",47990,61
"Jason Hoffman","1912-11-16",61703,1735
"Sarah King","1990-10-03",89687,3801
"Glenn Hawkins","1919-03-16",69174,9855
"Kimberly Williams","1908-07-12",45973,1850
"Natalie Bailey","1965-01-22",64058,4653
"Deborah Howard","2012-07-11",3872,9548
"Angela Morales","1948-02-10",23733,5895
"Jeremy Allen","1924-12-16",15384,2844
"Cody Cole","1942-04-03",60446,8062
"Hannah Kim","1938-12-28",85548,3751
"Christopher Webb","1912-01-12",90753,2016
"Ryan Rosales","1998-06-30",36200,286
"Daniel Simon PhD","1981-01-07",8466,6746
"Leonard Gonzalez","1967-06-12",31155,1025
"Lindsey Nelson","1936-03-12",72828,1506
"Jimmy Brown","1913-08-13",70960,6366
"Michael Jordan","1976-12-24",90298,8523
"Jason Hart","1955-11-22",25759,7528
"Megan Morales","1927-08-07",13641,7933
"Katherine Ward","1932-06-22",44883,4837
"Arthur Bowers","1923-01-20",39203,2404
"Hannah Mcbride","2017-12-14",12632,7978
"Melissa Franco","1925-09-10",91492,2402
"Richard Good","1961-09-04",27974,5610
"Amber Henderson","2017-12-29",37806,5127
"Walter Mills","2000-08-01",11055,4016
"Jillian Freeman","1955-11-11",87842,7875
"Anne Wilcox","1992-11-30",50013,2311
"Anthony Sanchez","1999-06-01",25396,6663
"Tanya Alexander","1983-01-31",36828,435
"Mary Flores","1967-11-11",30433,3088
"David Powell","1920-01-09",97002,464
"Barry Glover","2000-10-26",89229,6977
"Destiny Turner MD","1994-12-23",72978,2497
"Deborah King","1949-07-13",75660,3184
"Brenda Ball","1918-05-07",28737,8199
"Anthony Dalton","1944-11-12",21728,6784
"Sandra Choi","2015-12-28",38231,1799
"Mary Mccann","1913-03-01",98521,3984
"Bryan Lawrence","2010-12-02",89433,7623
"Lisa Mason","2007-11-05",75152,7534
"Amber Green","1942-01-04",33919,3928
"Andrew Hinton","1941-05-03",69401,8346
"Paul Ramos","2019-04-08",695,5810
"Christopher Barrett","1999-07-12",87731,4483
"Mary Davis","2005-07-11",61661,8694
"Shaun Johnson","1971-12-09",16115,5433
"Jeffrey Klein","1906-11-03",21562,5662
"Jean Kelly","2000-04-06",8332,2226
"Erica Green","2010-10-14",2983,4517
"Christine Jimenez","1965-04-24",68542,7313
"Courtney Hansen","1929-04-26",99803,8916
"Gregory Duncan","1960-05-26",23180,6258
"Lisa Bradshaw","1928-06-14",38341,6607
"Michael Fitzgerald","1951-02-11",18014,7551
"Stephanie Sanchez","1943-10-19",73953,5263
"Mrs. Jessica Cervantes","1908-11-24",83740,1359
"Brittney Ramirez","2010-09-14",25405,474
"Grant Henderson","1955-08-22",7777,2731
"Sally Ramirez","1940-07-28",94201,3150
"Erica Bradford","1946-08-28",94745,9683
"Alexandra Burke","1913-08-06",23968,1364
"James Price","1912-01-15",58766,5727
"Mr. Michael Reeves DVM","1936-07-10",43803,4936
"Micheal Price","1984-06-17",11719,7095
"Anthony Davis","2011-01-17",4887,99
"Mrs. Lisa Brown","2006-07-23",44577,2402
"Amber Flores","1921-03-12",32170,5141
"Kevin Robles","1981-09-04",97607,7668
"Tiffany Moore","2000-07-12",4018,4942
"Shelly Monroe","1906-01-08",48703,6797
"Nicole Day","2006-05-24",17531,1526
"Matthew Chapman","2009-03-07",18938,8735
"Angel Cervantes","1985-03-13",95849,5360
"Dr. Scott Reynolds Jr.","1919-09-15",49558,2235
"Troy Vaughn","1988-09-03",31304,3335
"Melissa Keith","2016-07-12",16977,5967
"Sheila Ferguson","1975-05-26",42772,2122
"Donald Villarreal","2005-06-25",4402,5456
"Timothy Lawson","1913-06-22",75688,7982
"Sheri Johnson","2000-04-20",28803,9667
"Joseph Powell","1940-08-26",76789,1670
"Michele Butler","1986-11-28",71972,6591
"Casey Arnold","1983-08-29",82057,4640
"Katrina Collins DVM","1934-04-14",84435,7486
"Monica Brown","1969-12-04",48388,6128
"Nicole Hughes","1982-07-24",40512,7643
"Kimberly Alvarez","1933-11-30",30839,6283
"Angela Medina","2007-11-08",20935,9759
"Ian Fox","1923-06-02",77342,715
"Ashley West","1965-04-01",38641,2243
"Nicholas Murray","1979-07-01",22875,3223
"Shannon Ortega","1970-07-09",85247,7224
"Randy Blake","2014-11-10",75099,6613
"Andrew Garcia","2019-04-04",74579,8811
"Jerry Smith","1922-07-28",20227,3398
"Michael Carr","1946-12-17",75210,1260
"Jessica Wells","1941-08-01",4122,57
"Rhonda Maynard","2007-11-22",55285,9568
"Rebecca Mann","1969-03-22",14165,2331
"Vickie Davis","1954-04-08",77299,5481
"Robert Meyer","1944-07-06",38605,1083
"Kimberly Hernandez","1930-06-08",2686,4113
"James Mueller","1942-02-13",52520,8431
"Ellen Green","1988-11-24",54058,2846
"John Moore","1961-01-15",91449,5433
"Jeffrey Gray","1926-07-25",22252,2653
"Scott Johnson","1968-05-23",74134,5283
"John Welch","2011-01-26",12538,7925
"Ryan Holder","2011-08-15",54576,8179
"Patricia Mack","2018-02-09",95095,1481
"Lisa Rodriguez","2020-06-28",56241,8721
"Kenneth Robinson","1955-05-15",74249,9089
"Robert King","1926-10-19",38060,2882
"Heather Graham","1913-01-13",50972,8252
"Mrs. Kayla Bautista","1977-07-29",67886,4630
"Robin Martin","1984-03-22",8892,3066
"Lucas Cline","1910-02-02",11280,376
"Jessica Kennedy","1936-05-31",32729,9456
"Erik Davis","2013-04-01",37197,5794
"Laurie Cox","1976-05-11",46907,8413
"Makayla Parker","1976-08-10",62410,299
"Lindsey Smith","1938-06-08",56359,6023
"Crystal Smith","1908-11-11",5471,1282
"Joshua Moore","1905-06-15",6310,8627
"Alexa Johnson","1965-07-10",87347,8413
"Jacob Knox","2010-04-11",57949,5574
"Tracy Williamson","1946-04-18",19264,5457
"Charles Peterson","1930-05-09",94763,4879
"Jacob Walker","2006-11-03",52656,3414
"Isaac Davidson DVM","1976-01-28",33827,2574
"Jennifer Moss","1990-11-20",25924,7394
"Blake Salazar","1968-07-17",48868,6712
"Whitney Howard","1905-06-22",2837,3819
"Melissa Christian","2003-11-25",6185,2959
"Courtney Fernandez","1929-03-27",17082,2526
"Daniel Skinner","1982-07-05",12508,2071
"David Scott","1932-04-23",62740,4746
"Daniel Mack","1919-01-05",97243,4617
"Nicholas Sutton","1978-04-25",92499,9170
"Briana Cruz","1946-06-27",57189,6583
"Cheyenne Reyes","1936-08-22",69229,3518
"Paul Nguyen Jr.","1998-03-05",37363,6087
"Valerie Gibson","2004-01-04",49638,9704
"William Cox","1964-07-26",17120,8707
"Harry Anderson","1928-08-08",84063,3018
"Jamie Cummings","1930-07-29",25441,5947
"Jackie Ramirez","1968-06-13",70105,8252
"Elizabeth Rodriguez","1997-07-27",35859,3568
"Marcus Martinez","1980-01-09",36708,1277
"Steven Mitchell","1917-05-18",26756,8904
"Caitlin Hernandez","1928-07-05",75755,6349
"Charles Frazier","1956-04-14",78833,3215
"Nancy Morgan","1944-08-25",52547,9939
"Matthew Burke","1954-01-21",28869,3684
"Nicole Johnson","1970-09-07",75355,1603
"Evan Garcia","1963-02-16",71424,9158
"Mary Blanchard","1951-05-11",58024,2971
"Colleen Johns","1952-02-18",51742,1205
"Monica Wang","1997-09-28",51584,1934
"Scott Wagner","1991-03-24",39030,6592
"Jerry Johnson","1951-12-22",66697,6421
"Tammie Miller","2005-06-19",40041,7445
"Christopher Palmer","2014-07-02",8934,9677
"Wesley Ward","1996-05-03",56746,7398
"Pamela Erickson","1974-11-12",6937,260
"Melanie Nolan","1970-08-29",86912,9073
"Scott Miller","2004-09-06",39355,507
"Brian Christian MD","1922-11-20",19575,930
"Martin Zhang","1938-01-04",13623,3687
"Brittney Alvarez","2009-12-22",28965,9209
"Edward Anderson","2016-11-03",44403,5062
"Kevin Thomas","1953-10-31",93407,7021
"David Barker","1952-10-10",42251,2531
"Heather Andrade","1910-01-01",3197,9556
"Elizabeth Clayton","1998-12-22",47263,5786
"Scott Peterson","1951-03-08",77421,4102
"Kristen Dunn","2011-04-13",42257,2284
"Jay Cook DVM","2012-01-02",657,1711
"Leslie Montoya","2019-03-19",55628,582
"Amy Thomas","1986-07-15",4602,6750
"Patricia Waller","2013-06-05",24195,3959
"Mr. Andrew Vega","1963-06-18",74367,208
"Kelsey Marquez","1909-06-08",61354,8868
"Jeffrey Gilmore","2014-09-14",39398,5725
"Eric Palmer","1941-06-04",43334,8992
"James Gomez","1906-09-03",13502,448
"Susan Gregory","1909-12-27",60680,1997
"Mrs. Erika Malone","2006-05-16",40167,5033
"Michael Lee","1967-08-12",36397,7112
"Michelle Smith","1990-05-22",32815,1231
"Michele Mccullough","1966-01-06",51004,8126
"Sydney Ball","1925-08-31",25237,6556
"David Mendoza","2008-11-21",66325,9261
"Pamela Wilson","1981-09-05",71763,9679
"Brenda Mcclure","1911-08-20",37766,9176
"Larry Wallace","1977-12-21",3144,1696
"Jacob Silva","1968-03-17",3522,2451
"Benjamin Richardson","1926-02-05",35200,3294
"Jeffrey Burton","1997-05-01",70382,2432
"Cindy Freeman","1968-06-12",19667,2529
"Deborah Morgan","1995-12-26",51978,2653
"Katie White","1913-07-18",656,4690
"Angela Bush","2019-02-02",6572,3048
"Leah Evans","1919-02-21",91594,5722
"Tamara Tucker","1935-06-10",30646,1757
"Craig Johnston","1945-04-21",58167,9896
"Kelsey Garcia","1927-11-14",59427,2150
"Bryan Frazier","1922-02-01",831,6764
"Kyle Morris","1917-06-25",72240,3026
"David Kim","1959-05-31",59393,5233
"Deborah Bowman","2018-08-19",39665,4660
"Shelby Thompson","1985-06-12",32749,2874
"Mario Morgan","2001-10-09",69350,4657
"Teresa Moore MD","1955-03-07",66769,1313
"Kyle Brown","1943-10-07",18255,5093
"Terry Lee","1989-09-07",24615,4185
"Jared Mcmillan","1930-03-07",91894,1398
"Roy Brown","2002-12-04",29029,8224
"David Sweeney","2005-10-22",90134,8267
"Emily Keller","1932-09-28",12880,2173
"Linda Hull","1991-09-15",71738,3244
"Donna Robinson","1959-06-18",39507,9983
"Mackenzie Rivas","1976-07-31",89860,6246
"Daniel Smith","2012-09-16",65831,3201
"Tina Jennings","1970-09-08",9255,8712
"Derrick Wright","2017-05-25",35740,1952
"Ashley Hunt","1990-01-17",26519,2532
"Jay Eaton","1913-04-28",92791,1320
"Paul Smith","1989-03-12",38752,6380
"Brandon Johnson","1973-06-27",30683,2703
"Allen Morris","1928-12-30",22648,2835
"Cesar Smith","1936-12-02",38489,6282
"Teresa Arroyo","1916-07-20",52049,4785
"Kimberly Solomon","1975-09-18",28026,3829
"Gary Lopez","1960-06-04",11456,2156
"Kenneth Kaufman","1943-09-04",92959,708
"Elizabeth Hebert","1980-10-18",92575,7305
"Sarah Ferguson","1961-02-27",12006,111
"Gregory Hall","1985-01-29",66336,9051
"Kathleen Dawson","1950-11-15",60989,957
"James Bradley","2006-09-03",59364,3310
"Susan Riley","2000-08-03",77223,2713
"Cassandra Glover","1999-06-16",39011,5481
"Destiny Shaffer","1924-10-11",93463,9879
"Christine Williams","1923-07-13",81490,3784
"Cindy Allison","2019-12-06",31063,1179
"Jessica Jones","2000-07-09",4687,2604
"Catherine Harris","1963-05-24",40617,6656
"Melinda Fox","1999-01-16",5328,847
"Paul Rivera","1973-09-16",33855,6457
"Jeffrey Santana","1988-10-09",43132,4223
"Gilbert Hoffman","1958-10-07",33646,1061
"Russell Crosby","1961-05-31",90568,7457
"Jennifer Clark","1961-11-09",24021,739
"Andrea Long","1992-09-30",17034,4772
"Charles Diaz","2014-05-14",65457,641
"Angela Hester","1997-01-24",43255,1546
"Samantha Gardner","1945-06-15",52052,4761
"Carol Williams","2011-07-05",18650,2123
"Allison Cruz","1958-04-25",81603,9286
"Susan Daniels","1908-07-19",24010,7676
"Ethan Fisher","2002-09-09",81650,4471
"Theresa Sims","1929-08-20",5992,3509
"Cynthia Rodriguez","1950-11-06",95485,3731
"Howard Watson","1940-02-05",19503,9431
"Dr. David Austin PhD","2008-07-16",29998,3973
"Wendy Fuller","1946-03-13",88350,1826
"Nicole Colon","2018-09-09",50399,5052
"Gregory Charles","1915-04-09",8479,7115
"Heather Terry","1996-06-20",94415,3312
"Jennifer Davis","1960-04-13",82942,3776
"Cynthia Jimenez","1978-05-14",30432,7407
"Diane Bruce","1991-09-07",79637,9342
"James Nielsen","1982-12-10",26797,4425
"Christopher Ortiz","1971-11-23",3473,8576
"Nancy Serrano","2012-03-04",53334,1854
"Kimberly Patel","1931-03-26",15618,5923
"Randy Payne Jr.","1980-09-07",29374,8750
"Wendy Perry","1905-06-20",81595,9498
"Jay Norton","1999-05-02",64749,5971
"Ashley Perez","1916-03-12",12629,3267
"Amanda Winters","1957-04-05",67947,2548
"Kiara Jenkins","1942-09-14",48639,5666
"Shannon Carter","1925-04-27",20586,1340
"Mrs. Madison Williams PhD","1998-08-06",77215,2744
"Taylor Ray","1904-07-19",77797,6934
"Kathryn Blackburn","1971-10-04",55896,3714
"Betty Mccormick","1923-09-21",68188,7330
"Ronald Chavez","1993-07-02",76431,1388
"Traci Torres","2016-05-10",67224,315
"Ralph Hall","1967-07-11",64623,6663
"Nathan Oneal","1964-07-13",46306,5618
"Kathy White","2014-06-06",34258,3212
"Jeffery Ortega","1945-04-08",4192,7838
"Kristen Sutton","1964-02-09",82141,1457
"Gwendolyn Green","1996-02-21",88152,2405
"Heidi Todd","1937-12-15",15262,8482
"Christopher Meyer","1974-09-16",57977,9586
"Robert Rodriguez","2007-11-17",1745,3659
"Chad Snyder","1956-07-14",74794,4777
"David Casey","1973-12-05",99607,7396
"Duane Thompson","1966-09-25",45447,2772
"William Mcgee","1912-02-12",41816,1404
"Michael Holland","1915-10-24",52019,2236
"Brianna Lewis","1980-12-30",73552,3771
"Jay Miller","1970-07-23",74082,9758
"Barbara Rogers","2009-02-17",2727,1041
"Kristen Mitchell","1991-06-28",72400,3309
"Kevin Frey","1967-03-27",68280,1395
"Allen Fields","1920-01-14",97945,6280
"Tracy Hernandez","1967-07-20",77482,7557
"Javier Meza","1992-02-02",20486,7822
"Kaitlin Suarez","1937-02-18",45597,8824
"Christopher Horton","1908-09-08",44133,6694
"David Ramirez","2005-10-29",21732,6755
"Bobby Valentine","2017-07-16",67805,2594
"Scott Sullivan","1973-09-25",46693,1126
"Madison Perry","2001-05-31",27775,4746
"Timothy Hickman","1956-12-25",10098,2988
"William Sawyer","1905-05-26",33605,3243
"Richard Castro","2005-11-16",22349,4017
"James Eaton","1963-04-24",81922,2718
"Jack Thomas","2016-11-02",37450,3125
"James Hartman","1941-11-02",20376,6565
"Alicia Jones","1919-05-08",58617,4891
"Marilyn Blair","1951-10-03",17859,1853
"Denise Roberts","1938-10-11",98537,69
"Jared Francis","1921-10-12",37879,1970
"Lisa Dorsey","1987-07-06",66611,2644
"Kenneth Mason","1973-03-13",88694,2068
"Renee Jones","1966-08-09",87873,5538
"Harold Meyer Jr.","1998-10-25",80560,6856
"Danny Stephenson","2000-01-18",66968,2476
"Christopher Cohen","1915-01-19",41996,8908
"Joshua Buck","1975-09-17",4713,1121
"Heather Phelps","2001-01-19",77352,5831
"Valerie Roach","1924-11-24",15790,9500
"Alexis Holmes","2007-09-06",92404,1731
"Kimberly Estrada PhD","1972-05-04",14952,833
"Charles Pearson","1906-03-10",90177,9911
"Holly Collins","1960-01-30",31909,507
"Timothy Vasquez","1959-07-05",17972,4577
"Grant Davis","1958-12-18",19810,7723
"Steven Ellis","2009-10-08",55942,7072
"Diana Parker","1997-07-08",65857,8095
"Daniel Roach","1939-01-24",70932,3720
"Angie Scott","1938-03-04",75559,1606
"Susan Estrada","1909-04-22",94267,990
"Justin Faulkner","2013-04-12",23634,1079
"Jonathan Gonzales","1992-04-17",14785,370
"Marilyn Mccall","1915-01-11",16126,6375
"Gregory Cervantes MD","1966-09-19",12309,8252
"Sara White","1973-09-01",43339,6194
"Yvette Hunt PhD","1962-05-09",79376,5910
"Kevin Mcmahon","1982-10-12",94556,1049
"Fernando Cox","1968-09-30",49400,2458
"Wendy Wallace","1953-10-20",74846,4311
"Emily Smith","1974-07-11",76308,7243
"Rhonda Stanley","1998-11-09",61890,656
"Sharon Hays","1977-12-14",42478,8491
"Ashlee Weaver","1936-08-27",58685,9407
"Michael Meyer","2019-03-27",37200,9909
"Alisha Hill","1912-05-10",20639,1763
"Courtney Rogers","1934-09-20",17319,2385
"Elijah Perez","1948-06-02",7249,1363
"Stephanie Morris","1963-02-06",47131,1189
"Jacqueline Medina","1957-03-10",34332,1888
"Jennifer Carroll","2000-11-10",7203,5290
"Stephanie Reese","1963-11-12",74604,8254
"Daniel Martin","1987-02-02",9743,354
"Mark Herrera","2020-05-22",6151,5183
"Shelly Garcia","1969-08-24",47682,3627
"Anna Lynn","2010-09-10",53182,1987
"Melissa Ramos","1946-09-19",1140,7755
"Zachary Hart","1940-05-14",54068,1249
"Kathryn Haney","2007-11-02",88568,520
"Daniel Gordon MD","1967-03-09",90610,9289
"Cheryl Richardson","1976-12-26",76757,9949
"Eric Silva","1955-03-17",57344,6643
"Patrick Torres","1951-02-07",40412,592
"Gina Smith","1942-01-19",96662,1763
"Kevin Johnson","2010-03-31",88043,8462
"David Murray","1964-05-17",97606,608
"Daniel Harvey","1934-12-11",68314,5425
"Kathy Fox","1974-07-13",9536,1402
"Cody Mills","1957-06-28",89500,8358
"Jamie Moreno","1992-11-20",5371,9876
"Paula Webb","2004-07-07",30045,1154
"Sergio Nielsen","1921-06-22",87590,8785
"Joshua Kirk","1938-12-18",90116,9469
"Elizabeth Hawkins","1915-08-30",38804,6006
"Mr. George Ford","1960-06-02",91159,2923
"Teresa Nichols","1956-09-29",80102,3272
"Andrew Johnson","1943-03-10",34411,3103
"Melissa Hopkins","1945-09-11",41749,2668
"Steven Roberts","1998-11-22",44530,7938
"Karen Copeland","1906-08-21",64393,6971
"Pam Foster","1977-12-01",20992,2256
"Carl Ramos","1964-02-01",45164,2344
"Miguel Cortez","1981-11-20",52012,7952
"Logan Crawford","1905-03-30",87249,8412
"Lindsey Medina","1950-07-08",21704,309
"Mary Rosario","1960-06-29",52471,3637
"Nicholas Gordon","1945-08-19",78134,8048
"Vincent Garcia","1912-12-30",81315,5396
"Nancy Price","1984-12-20",21808,9592
"Stacy Hartman","1984-04-26",51457,5911
"Kevin Warren","1982-09-21",39153,774
"Tammy Decker PhD","1905-11-12",85072,5754
"Robert Tran","1939-01-01",80279,8784
"Sarah Rollins","1910-04-25",68519,9984
"David Walsh","2007-03-16",41349,2281
"Lauren Lamb","2000-07-05",60213,853
"Barry Gamble","1957-07-01",34367,2273
"David Krueger","1970-05-10",92497,1803
"Nicole Thompson","2016-01-09",91537,1902
"Patrick Rogers","1914-12-20",49724,1337
"Michael Carroll","1910-10-19",17423,6211
"Kyle Branch","2002-05-06",89575,6527
"Nancy Huang","1925-08-31",38142,1505
"Angel Brown","1911-12-03",3440,3028
"Christina Bowers","1937-11-28",20171,3886
"Timothy Page","1945-02-17",6309,8907
"Nicole Porter","2001-08-02",55896,8151
"Monica Hughes","1914-03-17",53101,7366
"Paula Malone","2001-04-24",62523,127
"Allison Baldwin","1992-05-30",54027,4063
"Sheri Jones","2011-05-03",27510,2993
"Arthur Quinn","1947-08-13",1428,4506
"Ethan Lamb","2004-08-22",96224,3034
"Linda Fitzgerald","1974-11-04",31483,1700
"Joshua Lamb","1961-08-30",13249,6925
"Kevin Giles","1981-07-05",77599,1361
"Laura Hammond","1940-02-14",29553,6163
"Marcus Brooks","2019-02-14",87097,2986
"Elizabeth Ayers","2015-02-10",99615,4350
"Zachary Vaughan","1929-08-23",72040,7925
"Colleen Horton","1938-11-11",88178,2941
"Pamela Scott","1905-10-16",80889,3233
"Barbara Lee","2006-02-12",8077,6427
"Amy Ramirez","1998-02-05",72546,9618
"Janice Rodriguez","1981-05-13",18005,5685
"Heather Spencer","1957-06-29",61231,6592
"Robin Pena","1931-09-13",94057,8320
"Charles Schwartz","1983-03-23",13331,345
"Darrell Carpenter","1993-01-04",39408,6304
"Monica George","1954-02-16",92118,5775
"Leslie Wong","1919-01-13",92775,8786
"Steve Williams","1925-11-02",38444,5571
"Heather Brooks","1952-04-14",13242,233
"John Davis","1937-10-02",54887,8369
"Richard Adkins","1968-10-19",3574,2437
"Virginia Silva","1990-08-31",14907,6148
"Brandy Ramirez","2018-04-24",98061,3533
"Charles Smith","1982-05-27",80668,3310
"Donald Stevens","1913-09-04",24219,7822
"Linda Henry","1931-07-09",69896,5490
"Krystal Davis","1979-05-27",66111,2160
"Justin Johnson","1956-12-24",90907,6103
"Brian Lee","1991-03-05",23655,7867
"Alyssa Garcia","1965-11-22",46093,3513
"Katherine West","1937-01-26",27329,1129
"Scott Wang","1919-06-23",54028,486
"Michael White","1998-03-27",64040,6178
"David Graves","2017-04-11",54491,4603
"Cassandra Chavez","1952-06-11",49167,5650
"David Anthony","1945-12-01",71783,5980
"Katrina Oliver","1941-04-30",41493,8392
"Alexander Jones","2015-10-21",59194,1225
"Patricia Bowman","1994-06-12",65600,5729
"Alison Whitehead","1986-09-06",16133,3946
"Mrs. Stacy Owens","1916-01-02",94507,6232
"Patricia Franklin","1996-10-17",91151,8735
"Carol Obrien","1993-02-01",61913,2704
"Grace Cruz","1905-04-09",71487,571
"William Vasquez","1978-01-25",46684,9942
"Anthony Barnett","1957-05-04",98971,8357
"Arthur Williams","1997-10-07",82805,4959
"Shawn Beard III","1917-12-19",38728,8673
"Kayla Moore","1921-04-27",18968,1142
"Kevin Austin MD","2016-05-12",87405,2914
"Michelle Nichols","1978-02-17",77517,9794
"Jeffrey Duncan","1915-10-08",99237,2151
"Isaac Stone","2005-08-09",55449,5135
"Janet Bauer","1938-12-09",15944,1972
"Timothy Jackson","1937-09-14",20848,3674
"Cynthia Fitzgerald","1958-04-17",82206,2680
"Todd Holden","2013-11-19",72232,805
"Chloe Davila","1976-09-01",21318,6878
"Douglas Willis","1967-12-06",20090,4187
"Donna Weaver","1916-12-07",37973,75
"Jillian Parker","1906-10-19",31150,9675
"Austin Smith","1986-04-14",25131,3664
"Paul Young","1945-09-05",52397,106
"Patrick Gaines","1992-03-06",43414,9080
"William Boyer","1987-10-12",1495,3329
"Jason Dean","1951-03-18",78572,3499
"Sean Davis","1934-01-05",18763,6694
"Donald Campbell","1911-06-05",45585,4021
"Jose Sanders","1913-03-20",36400,9388
"Richard Hill","2003-06-30",58539,1786
"Jonathan Hughes","1979-08-01",16594,9166
"Christopher Williams","2018-10-29",30367,4183
"Claudia Whitaker","1905-08-17",28911,9167
"Allison Tyler","1970-09-18",20142,3930
"Megan Rose","1946-09-04",18126,2843
"Laura Parker","1990-03-22",8142,7155
"Brian Brown DDS","2019-01-19",48853,5614
"Renee Pittman","1912-12-30",32360,7723
"Howard King","1925-08-16",83754,9580
"Christine Singh","1941-07-19",11605,3611
"Jennifer Smith","1961-12-06",24109,5902
"Elizabeth Reid","1918-06-21",8408,3128
"Kyle Mckay","1963-12-29",34673,8586
"Samuel Garcia","1977-12-19",25309,284
"Curtis Reeves DDS","1952-05-02",33340,1437
"Tina Smith","1932-04-05",48769,8453
"Cheryl Powell","1935-01-04",84230,6165
"Gregory Blevins","1921-11-07",43043,6379
"Victoria Myers","2018-04-15",30638,5815
"Angela Oconnell MD","1992-07-09",42082,4135
"Mrs. Jessica Day","1936-03-02",72192,9464
"Lisa Moore","1975-07-09",31150,1744
"Christopher Peters","1928-03-30",64037,4392
"Jennifer Alexander","1936-06-18",84470,7825
"Erin Waller","1985-11-29",44144,3429
"James Garrett","1995-04-10",83234,4465
"Melissa Fox","1995-10-03",74619,5817
"Christopher Johnson","1980-07-02",65344,2857
"Tonya Randall","1996-05-18",36535,6364
"Sara Daugherty","1940-10-16",42120,3773
"Sara Cortez","2015-06-26",75171,3415
"Michelle Welch","1998-12-29",38956,6024
"Steven Bautista","1919-08-29",799,3231
"Paul Kidd","1965-09-23",79800,1562
"Daisy Baker","1945-02-20",51521,9526
"Jasmine Greene","1978-11-04",86212,8434
"Sarah Hendrix","1959-03-26",95572,2012
"Elijah Thompson","1915-03-26",97347,6374
"Ann Moore","2000-10-05",6384,2899
"Jaime Merritt","2004-10-09",62539,4159
"Christine Bennett","1953-12-10",26220,3690
"Carmen Simmons","1976-01-04",23338,72
"Henry Valdez","1995-03-02",28677,6049
"Jose Ayers","1926-04-27",84603,9776
"Debra Ayers","1999-11-06",70050,43
"Nancy Reilly","2004-03-08",35973,8176
"Daniel Edwards","1988-11-04",19206,9377
"James Martinez","1950-01-29",89637,7328
"Alexis Mitchell","1911-11-23",28100,9814
"Christopher Lee","1958-03-09",37615,4572
"Trevor Thornton","1933-12-11",37612,145
"Lacey Roy","1946-03-18",95555,3373
"Benjamin Fisher","1930-03-17",14787,8509
"Michelle Davis","1982-10-27",38586,886
"Tara Ingram","1996-12-30",2310,2338
"Cristina Simmons","1979-05-20",50698,2841
"Brittany Thomas","1977-05-11",19375,5615
"Elizabeth Brown","1945-05-31",649,2507
"Kyle Rodriguez","1998-11-19",10409,8718
"Rachel Meza","1992-09-05",33427,6242
"Jeremy Henry","2004-11-17",64714,9402
"Jonathan Jenkins","1954-02-21",92819,554
"Chris Taylor","2005-06-13",78507,6960
"Jason Wu","2005-12-03",6443,1048
"Brian Thompson","1953-10-21",26688,2010
"Henry Johnson","1936-10-21",69291,5623
"Emily Anderson","1916-04-03",13635,1329
"Stephen Martinez","1910-12-22",15329,2943
"Mark Smith","1920-09-02",39334,9799
"Daniel Cooper","1978-05-29",42899,8454
"Natasha Mclean","1943-03-04",60684,7383
"Linda Salazar","1971-02-23",43558,1236
"Stacy Morrison","1995-08-31",15558,9365
"Susan Lozano","1930-01-09",28584,9462
"David Gregory","1909-08-29",13724,6903
"Shawn Cooper","1907-09-02",44297,1728
"Lisa Wise","2001-04-27",21891,1551
"Erica Chandler","1973-03-27",86926,5560
"Linda Calderon","1988-08-29",664,6560
"Julie Bailey","1999-08-20",11969,4758
"Paula Castillo","2009-04-13",86756,4985
"Morgan Austin","1908-10-26",6347,2861
"Dr. John Wood DVM","1934-10-18",97607,2766
"Jaime Phillips","2014-02-05",1351,1540
"Mrs. Carla Keith DVM","2000-08-23",47247,8326
"Breanna White","2013-04-06",6096,2636
"Anthony Rodriguez","1917-11-12",69534,2758
"Mercedes Sutton","1945-07-17",37757,720
"Misty Good","1999-01-03",99649,921
"Samantha Hardy","1938-08-16",65644,1798
"Jeremy Phillips","2008-12-14",50828,5701
"Kimberly Wolf","1910-08-05",25879,2495
"Christian Gibson","1965-02-11",1105,5871
"Pamela Martinez","1968-08-23",38980,3754
"Tammy Gould","1959-07-04",20177,6429
"Dennis Johnson","1978-04-14",22178,6580
"Bryan Gibson","1966-09-16",97841,6082
"Alejandro Lee","1954-03-28",98329,9207
"Carrie Taylor","2008-02-14",14244,4384
"Miguel Lopez DDS","1951-10-11",56717,5444
"Shaun Mayer","1933-05-31",46240,7165
"Shawn Taylor","1986-03-19",28307,7234
"Chase Jordan","1961-07-24",66699,8626
"Stephanie Rodriguez","2014-06-10",33595,7461
"Samantha Hernandez","1953-10-07",17586,9477
"Kimberly Morgan","2017-10-23",33470,6615
"Kenneth Nelson","1994-05-22",57793,3850
"Darryl Wade","1950-05-07",61763,7024
"Ryan Ware","1945-11-14",19323,5230
"Melanie Gross","2005-12-23",8934,4901
"Kimberly Braun","1947-02-05",64357,6360
"Denise Morgan","2011-10-11",99666,9696
"Tiffany Byrd","1980-01-27",4985,9302
"Mark Walls","1974-09-13",9009,2197
"Valerie Douglas","2010-06-01",15915,8901
"Karen Hughes MD","1967-03-11",85674,3746
"Melissa Aguilar","1973-08-20",3604,8678
"Michael Austin","1980-04-10",8143,261
"Jasmin Farmer","1916-09-11",74713,2915
"Amy Shannon","1918-08-30",34944,3504
"Joseph Coleman","1962-09-21",87359,2536
"Lisa Mendoza","2006-07-03",32093,4892
"Amanda Jones","1944-02-28",4119,4447
"David Robertson","1971-02-15",6116,6284
"Jonathan Armstrong","1964-07-05",26853,5018
"Steven Lewis","1977-06-27",43024,7631
"Tiffany Little","1984-09-15",88926,4476
"Amanda Morgan","2020-03-04",30206,663
"Sherry Wright","1964-02-06",51431,8100
"Mark Wilkerson","1959-03-04",88299,100
"Rebecca Dalton","1939-05-14",73766,4994
"Patricia Levy MD","1997-02-05",9911,8205
"Anthony Brady","1919-11-30",24711,6631
"Kathleen Doyle","1969-09-16",23232,6344
"Abigail Kane","1915-10-13",23538,6319
"John Madden","1933-03-15",58547,6606
"Kristin Mooney","1964-12-22",28457,8667
"Lisa Evans","2014-05-13",44844,8937
"Juan Rivers","1931-02-03",47044,8361
"Chad Hernandez","2007-04-23",18897,8228
"Mark Howell","1912-07-09",46685,4578
"Kimberly Miller","1905-09-13",8064,9427
"Julia Wright","2007-08-21",56896,4929
"Hector Miller","1971-04-19",43193,1061
"Madison Alvarado","1996-01-26",20618,1048
"Stacy Hamilton","1931-10-29",27664,4707
"Kenneth Barnes MD","2010-02-22",92303,1150
"Heather Holt","1931-04-30",6117,6903
"Perry Rodriguez","1955-01-11",18185,5581
"Justin Richardson","1966-05-24",31987,5762
"Christopher Kim","1917-08-04",77465,3145
"Anna Golden","1991-12-29",77182,6381
"Francisco Campbell","2017-06-05",37056,3434
"Jonathon Ball","2018-09-08",54643,7929
"Michael Oliver","1976-09-25",22363,261
"Joanne Patterson","1912-02-05",23703,203
"Denise Nelson","1997-12-08",10663,2261
"Sharon West","1941-09-19",1580,9557
"Kristine Banks","2013-01-26",99526,2559
"Christopher Moore","1919-08-28",71572,9607
"Erica Robinson","1975-10-21",15532,5838
"Steven Johnson","2015-08-10",58770,8956
"Mr. Scott Rodriguez","2016-11-24",77531,9764
"Adam Russell","1921-05-25",94320,892
"Donna Clark","1960-02-28",4393,3845
"Brittany Cook","1970-02-24",61136,5904
"Jade Palmer","2003-11-04",8273,4563
"Robert Christian","2011-01-20",18080,90
"Taylor Byrd","2016-06-05",66437,5182
"Tracey Manning","2006-03-29",94751,5806
"Angela Bryant","1963-01-28",57250,4325
"Ana Johnson","1952-05-12",56898,6226
"William Flores","1963-10-04",76349,6154
"Cassidy Mcknight","2002-03-06",62179,5011
"Kelly Brown","1981-07-22",57849,6929
"Michael Meadows","1981-06-16",54133,5322
"Sheila Blanchard","2005-06-25",22804,8034
"Jared Velasquez","1931-10-21",28783,8341
"Sarah Little","1997-06-29",96779,4996
"Courtney Alvarez","1977-04-02",28627,3208
"Jessica Davis","1990-02-12",42424,8313
"Jennifer Lee","1977-03-08",70411,458
"Patricia Ross","2011-10-22",88074,4087
"Selena Reyes","1940-01-29",96430,1698
"Megan Price","2000-03-25",54347,2123
"Matthew Reeves","1986-12-30",74653,9278
"Heather Hernandez","1986-08-22",11414,1614
"Krista Church","1934-04-11",93182,7693
"Nicole Larson","1910-03-03",84952,3150
"Nancy Brown","1993-04-01",40430,7311
"Jennifer Garcia","1928-02-02",46345,8928
"Brian Nunez","1948-01-16",40252,9491
"Anthony Hudson","1925-05-19",14740,643
"Alejandra Fuentes","1930-09-06",93211,7495
"Erin Romero","2000-11-30",21266,8035
"Eric Estrada","1998-01-10",58465,4579
"Kimberly Turner","1983-05-06",89255,2852
"Loretta Taylor","1935-10-19",32479,1555
"Robert Howard","1972-11-15",83336,1412
"Shirley Price","1994-09-06",8499,3096
"Brett Phelps","1905-10-13",82288,2370
"William Gilbert","1996-09-01",8304,4717
"Phillip Ho","1910-12-15",58630,4992
"Angela Hunter PhD","1968-07-18",49010,6370
"Lisa Coleman","1959-11-14",26966,4207
"Jamie Deleon","1987-07-24",83320,7631
"Victoria Martin","1932-11-09",21768,2807
"James Frank","1951-12-05",97430,8924
"Amanda Brown","1953-12-16",40609,9985
"Mary Gomez","1999-05-30",58710,1191
"Robert Klein","1987-06-02",85340,5708
"Jesse Hines","1982-10-06",69496,2869
"John Scott","1928-09-01",46118,2854
"Scott Oconnor","1983-12-21",27838,2182
"Anthony Wilson","1963-05-10",2450,6742
"Teresa Murphy","1926-01-25",85007,6881
"Krystal Patel","1975-01-30",8235,3790
"Kelsey Powell","2007-12-25",41399,1351
"Julia Summers","1972-01-22",21179,8488
"Chelsea Ross","1977-01-26",39515,183
"Carol Barajas","1962-06-17",51037,6834
"Erika Adams","1967-12-14",78525,7659
"Clayton Gonzalez","1944-10-10",94449,3421
"Richard Ruiz","1988-03-01",5603,811
"Charlene Cook","1908-11-25",83047,9782
"Jeffrey Williams","1970-08-29",94854,3936
"Debra Zhang","1985-04-07",3054,1584
"Jeffrey Morgan","2002-09-06",13208,4464
"Darren Green","1998-11-17",2378,3071
"Lori Taylor","1997-10-22",50451,3479
"Chad Smith","1972-04-28",89820,2336
"Robin Rodriguez","1927-06-28",75973,8779
"Derek Torres","1999-12-16",67568,4612
"Jane Turner","1955-09-15",47964,2731
"Stacey Patel","1957-01-17",44083,5424
"Crystal Perez","1956-04-05",5302,1643
"Matthew Duran","1942-12-01",63703,768
"Joseph Bernard","1907-04-22",57558,5472
"Morgan Gordon","2016-01-14",76930,9415
"Andrea Hall","1920-07-18",83341,4220
"Lisa Potts","1998-08-28",55254,7159
"Jonathan Preston","1981-10-30",41947,4781
"Carla Kerr","1980-12-21",85961,923
"Phillip Hale","1913-07-18",78000,2420
"Carrie Stewart","2015-02-25",55689,3504
"Stephanie Mckenzie","1998-07-27",8078,4600
"Alexander Ellis","1956-03-05",84945,1644
"Darrell Pope","1945-06-28",85435,1139
"Erik Lane","1920-06-21",71041,3909
"Randy Jimenez","2011-10-11",64164,2260
"Brian Lee","1942-01-21",92036,8267
"Kayla Moore","1979-11-05",74561,5272
"Amy Phillips","1984-05-21",31978,9301
"Joseph Fox","1934-08-07",14911,9059
"Zachary Neal","1944-06-22",13353,4929
"Anita Grimes","1979-05-14",3109,2758
"Daniel Harris","1946-01-24",44369,1200
"Angel Mcgee","1973-05-09",87113,2170
"Dr. Todd Lee","1971-10-10",71689,5951
"Jennifer Wilkins","2014-03-27",60853,3164
"Rachel Thompson","1971-10-02",49386,6721
"Joan Jacobs","1912-02-09",8876,661
"Erica Edwards","1972-08-19",74000,1899
"Robert Marquez","1982-06-30",88004,470
"Cheryl Wallace","2002-06-19",54846,9201
"Jeanette Brown","1927-04-10",99149,7526
"Troy Thomas","1919-02-12",41593,8425
"Stacy Collier","1937-03-20",7836,7056
"Matthew Aguilar","2003-10-07",80578,164
"Megan James","1996-02-03",76481,3254
"Jasmine Jackson","1934-10-29",93385,9796
"Kristopher Beasley","1980-12-16",69554,6758
"Jerome Villegas","2003-05-06",11596,6305
"Gabriel Griffith","1959-01-20",27168,4893
"Kimberly Haley","1969-08-28",35815,9248
"William Carpenter DDS","1943-09-27",34902,2422
"Aaron Jones","1931-06-15",27901,3382
"Ana Foster","1909-01-21",27173,8735
"Michael Robertson","1944-07-14",92787,4333
"John Rodgers","2004-02-26",9858,9959
"Daniel Thomas","1922-07-02",36569,5258
"Patrick Stevens","1992-07-10",48329,53
"Breanna Sparks","1915-01-29",77689,3117
"Ronald Sanchez","2001-02-10",6751,5455
"Andrew Miller","1992-10-18",91396,4859
"Randy Spears","1935-04-22",90417,3837
"Pamela Valencia","1911-02-08",80572,6596
"Jennifer Todd","1940-10-10",14319,7568
"Scott Sims","1962-04-28",63544,3137
"Amy Carrillo MD","1980-12-07",13839,8082
"Rick Moore","1978-12-17",49517,9620
"Maria Wood","1933-11-19",50776,8060
"David Hinton","1983-11-02",85628,8241
"Joshua Thompson","1919-02-15",59875,9077
"Kristy Davies","1935-10-04",51732,1856
"Brandon Jackson","1908-12-26",53000,4673
"Shawn Jennings","1993-04-18",43361,6079
"Taylor Monroe","1909-04-20",71267,8331
"Patricia Moreno","1955-01-05",85798,4472
"Kenneth Morris","1956-07-31",59833,5048
"Jenna Perez","1906-09-25",12550,2551
"Scott Wright","1937-06-10",40945,3577
"Kathy Stewart","1954-07-06",37581,7268
"Misty Powell","1963-09-22",40968,6433
"Donald Valentine","2006-08-19",5841,2212
"Jon Gonzalez","1915-10-22",64872,1806
"Erin Castro","1972-06-23",5529,7437
"John Martinez","1929-09-01",15590,8286
"Amanda Noble","1959-10-28",59919,1999
"Melissa Lewis","1991-08-01",48523,6400
"Leah Nelson","2002-05-27",80560,7136
"Rebecca Smith","1930-03-31",6297,9548
"Jamie Moyer","1982-02-05",51875,8997
"Tara Wilson","1923-12-14",80584,7701
"Barbara Montgomery","1996-08-10",99355,8177
"Carol Smith","1911-11-07",80057,5658
"Jennifer Allen DDS","1929-04-24",72756,5215
"Ashley Allen","1917-12-03",96436,1100
"Miss Amanda Garrett","1997-08-01",19681,5273
"Donald Richardson","1933-12-01",3732,5858
"Mr. Bradley Calderon","1999-12-29",72217,8787
"Julia Rodriguez","1909-12-23",41716,6268
"Paul Cook","2016-06-27",31772,9757
"Alvin Campbell","1967-06-21",83672,8556
"Kristin Brooks","1974-05-14",42493,9596
"Kimberly Moore","2018-08-18",3766,7448
"William Johnson","1996-09-22",22795,3169
"Michael Lewis","1921-11-26",63943,7772
"Daniel Haynes","2010-12-09",28022,2294
"Brian Rogers","1937-11-09",40280,4850
"Raymond Obrien","1923-06-14",93854,2763
"Jason Ferguson","1913-12-21",45355,6783
"Cory Pope","2008-02-06",23749,5782
"Robert Harper","1937-07-28",73831,6089
"Alexis Bennett DDS","2014-01-25",67022,4895
"Steven Pittman","2015-06-07",60984,2550
"Cory Brown","1931-05-21",98579,6396
"Angela Nolan","1972-12-26",78285,544
"Martha Morrison","1938-06-27",97607,7359
"Jacob Gamble","1969-02-28",22773,4738
"Michael Smith","1981-01-20",97608,4917
"Steven Knight","2007-02-12",35010,2322
"Tracy Hudson","1935-06-27",64272,2883
"Matthew Preston","1928-07-10",71463,8687
"Richard Black","1964-11-10",73086,7428
"Elizabeth Holt","1962-10-24",890,5838
"Kevin Le","1956-12-09",76033,9035
"Karen Blackwell","1966-09-19",34047,7205
"Christopher Ramos","1923-01-25",60289,4957
"Ashley Molina","1995-08-10",12567,2858
"Deborah Leblanc","1993-09-06",22763,8390
"William Hall","1912-06-16",86407,3421
"Shelly Ball","1937-08-14",43642,9250
"April Clark MD","1946-02-18",69430,5659
"Melinda Wilson","2009-06-18",53843,7113
"Sheila Harris","2002-09-26",46683,5957
"Veronica Cook","2014-04-09",47371,6085
"Ralph Rhodes","1926-04-26",90374,5673
"Luke Jackson","2016-03-25",25371,7553
"James Gonzalez","1967-12-16",59029,2719
"Tara Knox","1936-03-02",63269,3533
"Renee Lambert","1991-03-05",10987,8801
"Breanna Vega","2016-06-26",87166,4783
"Kathryn Garcia","1991-10-26",35682,5219
"Brandon Tucker","1982-10-03",5525,8060
"Cynthia Kramer","1910-02-06",74807,2750
"Gregg Miller MD","1928-11-21",35509,6892
"Evelyn Holmes","1944-02-29",67145,9947
"Richard Scott","2008-10-26",79274,9742
"Amanda Taylor","1919-07-13",75536,409
"John Gutierrez PhD","1975-01-25",95283,2424
"Jonathan Watkins","1974-01-21",74871,4188
"Christopher Burgess","1977-02-23",88678,7646
"Amanda Gibson","1981-10-09",44432,8216
"Douglas Butler","1983-09-22",46297,8769
"Angela Wright","2012-03-07",51335,1878
"Kenneth Graham","1947-07-03",63262,3505
"Victor Deleon","2008-07-16",19028,6076
"Micheal Black","1955-11-13",14479,7320
"Brandy Lewis","2017-07-21",39722,8174
"Beth Tanner","1926-07-28",24206,7175
"Michael Wilkinson","1919-10-26",24043,1101
"Hannah Love","1911-11-30",47022,3167
"Fernando Mosley","1967-11-07",89323,5649
"Lori Moss","1975-03-03",3837,3568
"Eric Harris","1952-04-26",7387,1653
"Jonathan Green","1929-11-10",19378,8654
"Dr. Ariel Lambert MD","1954-07-24",98065,6362
"Phillip Christensen","1978-05-04",11836,5869
"Jacob Roy","1929-03-06",39845,5215
"Jeffrey Morales","1997-08-20",59249,3220
"Larry Fernandez","1995-04-07",30163,1362
"Brent Burton","2016-03-25",50838,258
"James Richardson","1907-01-09",93149,30
"Shawn Gordon","1946-10-15",27842,2561
"Julie Wright","1935-06-01",28391,598
"Cynthia Avila","1923-04-12",77164,856
"Shane Mcintosh","1987-01-27",68399,5727
"Thomas Singleton","1967-10-09",92458,2058
"Matthew Davis","1988-11-10",57464,1135
"Timothy Hardin","1954-07-22",3499,901
"Pamela George","1919-10-24",68569,8367
"Cynthia Greer","1934-02-16",30034,2828
"Miranda Garza","1965-02-03",90716,544
"Erica Garcia","1968-08-30",30276,9043
"Julie Edwards","2009-01-07",99238,8273
"David Woods","1975-03-14",68636,1214
"Robert Harris","1909-10-08",37149,4246
"Susan Wright","1991-02-25",7284,3504
"Caroline Carlson","1982-04-17",72388,5692
"Maria Walker","1947-03-16",51808,6728
"Leslie Mullins","1940-09-11",57496,8079
"Nicholas Salazar","1921-10-25",32242,6261
